﻿{
    "eng": {
        "poke-ball": [ "Poké Ball" ],
        "great-ball": [ "Great Ball" ],
        "ultra-ball": [ "Ultra Ball" ],
        "master-ball": [ "Master Ball" ],
        "premier-ball": [ "Premier Ball" ],
        "heal-ball": [ "Heal Ball" ],
        "net-ball": [ "Net Ball" ],
        "nest-ball": [ "Nest Ball" ],
        "dive-ball": [ "Dive Ball" ],
        "dusk-ball": [ "Dusk Ball" ],
        "timer-ball": [ "Timer Ball" ],
        "quick-ball": [ "Quick Ball" ],
        "repeat-ball": [ "Repeat Ball" ],
        "luxury-ball": [ "Luxury Ball" ],
        "fast-ball": [ "Fast Ball" ],
        "friend-ball": [ "Friend Ball" ],
        "lure-ball": [ "Lure Ball" ],
        "level-ball": [ "Level Ball" ],
        "heavy-ball": [ "Heavy Ball" ],
        "love-ball": [ "Love Ball" ],
        "moon-ball": [ "Moon Ball" ],
        "dream-ball": [ "Dream Ball" ],
        "sport-ball": [ "Sport Ball" ],
        "safari-ball": [ "Safari Ball" ],
        "beast-ball": [ "Beast Ball" ]
    },
    "jpn": {
        "poke-ball": [ "モ ン ス タ ー ボ ー ル" ],
        "great-ball": [ "ス ー パ ー ボ ー ル" ],
        "ultra-ball": [ "八 イ パ ー ボ ー ル" ],
        "master-ball": [ "マ ス タ ー ボ ー ル" ],
        "premier-ball": [ "プ レ ミ ア ボ ー ル" ],
        "heal-ball": [ "ヒ ー ル ボ ー ル" ],
        "net-ball": [ "ネ ッ ト ボ ー ル" ],
        "nest-ball": [ "ネ ス ト ボ ー ル" ],
        "dive-ball": [ "ダ イ ブ ボ ー ル" ],
        "dusk-ball": [ "ダ ー ク ボ ー ル" ],
        "timer-ball": [ "タ イ マ ー ボ ー ル" ],
        "quick-ball": [ "ク イ ッ ク ボ ー ル" ],
        "repeat-ball": [ "リ ピ ー ト ボ ー ル" ],
        "luxury-ball": [ "ゴ ー ジ ャ ス ボ ー ル" ],
        "fast-ball": [ "ス ピ ー ド ボ ー ル" ],
        "friend-ball": [ "フ レ ン ド ボ ー ル" ],
        "lure-ball": [ "ル ア ー ボ ー ル" ],
        "level-ball": [ "レ ベ ル ボ ー ル" ],
        "heavy-ball": [ "ヘ ビ ー ボ ー ル" ],
        "love-ball": [ "ラ ブ ラ ブ ボ ー ル" ],
        "moon-ball": [ "ム ー ン ボ ー ル" ],
        "dream-ball": [ "ド リ ー ム ボ ー ル" ],
        "sport-ball": [ "コ ン ペ ボ ー ル" ],
        "safari-ball": [ "サ フ ァ リ ボ ー ル" ],
        "beast-ball": [ "ウ ル ト ラ ボ ー ル" ]
    },
    "fra": {
        "poke-ball": [ "Poké Ball" ],
        "great-ball": [ "Super Ball" ],
        "ultra-ball": [ "Hyper Ball" ],
        "master-ball": [ "Master Ball" ],
        "premier-ball": [ "Honor Ball" ],
        "heal-ball": [ "Soin Ball" ],
        "net-ball": [ "Filet Ball" ],
        "nest-ball": [ "Faiblo Ball" ],
        "dive-ball": [ "Scuba Ball" ],
        "dusk-ball": [ "Sombre Ball" ],
        "timer-ball": [ "Chrono Ball" ],
        "quick-ball": [ "Rapide Ball" ],
        "repeat-ball": [ "Bis Ball" ],
        "luxury-ball": [ "Luxe Ball" ],
        "fast-ball": [ "Speed Ball" ],
        "friend-ball": [ "Copain Ball" ],
        "lure-ball": [ "Appât Ball" ],
        "level-ball": [ "Niveau Ball" ],
        "heavy-ball": [ "Masse Ball" ],
        "love-ball": [ "Love Ball" ],
        "moon-ball": [ "Lune Ball" ],
        "dream-ball": [ "Rêve Ball" ],
        "sport-ball": [ "Compét’Ball" ],
        "safari-ball": [ "Safari Ball" ],
        "beast-ball": [ "Ultra Ball" ]
    },
    "ita": {
        "poke-ball": [ "Poké Ball" ],
        "great-ball": [ "Mega Ball" ],
        "ultra-ball": [ "Ultra Ball" ],
        "master-ball": [ "Master Ball" ],
        "premier-ball": [ "Premier Ball" ],
        "heal-ball": [ "Cura Ball" ],
        "net-ball": [ "Rete Ball" ],
        "nest-ball": [ "Minor Ball" ],
        "dive-ball": [ "Sub Ball" ],
        "dusk-ball": [ "Scuro Ball" ],
        "timer-ball": [ "Timer Ball" ],
        "quick-ball": [ "Velox Ball" ],
        "repeat-ball": [ "Bis Ball" ],
        "luxury-ball": [ "Chic Ball" ],
        "fast-ball": [ "Rapid Ball" ],
        "friend-ball": [ "Friend Ball" ],
        "lure-ball": [ "Esca Ball" ],
        "level-ball": [ "Level Ball" ],
        "heavy-ball": [ "Peso Ball" ],
        "love-ball": [ "Love Ball" ],
        "moon-ball": [ "Luna Ball" ],
        "dream-ball": [ "Dream Ball" ],
        "sport-ball": [ "Gara Ball" ],
        "safari-ball": [ "Safari Ball" ],
        "beast-ball": [ "UC Ball" ]
    },
    "deu": {
        "poke-ball": [ "Pokéball" ],
        "great-ball": [ "Superball" ],
        "ultra-ball": [ "Hyperball" ],
        "master-ball": [ "Meisterball" ],
        "premier-ball": [ "Premierball" ],
        "heal-ball": [ "Heilball" ],
        "net-ball": [ "Netzball" ],
        "nest-ball": [ "Nestball" ],
        "dive-ball": [ "Tauchball" ],
        "dusk-ball": [ "Finsterball" ],
        "timer-ball": [ "Timerball" ],
        "quick-ball": [ "Flottball" ],
        "repeat-ball": [ "Wiederball" ],
        "luxury-ball": [ "Luxusball" ],
        "fast-ball": [ "Turboball" ],
        "friend-ball": [ "Freundesball" ],
        "lure-ball": [ "Köderball" ],
        "level-ball": [ "Levelball" ],
        "heavy-ball": [ "Schwerball" ],
        "love-ball": [ "Sympaball" ],
        "moon-ball": [ "Mondball" ],
        "dream-ball": [ "Traumball" ],
        "sport-ball": [ "Turnierball" ],
        "safari-ball": [ "Safariball" ],
        "beast-ball": [ "Ultraball" ]
    },
    "spa": {
        "poke-ball": [ "Poke Ball" ],
        "great-ball": [ "Super Ball" ],
        "ultra-ball": [ "Ultra Ball" ],
        "master-ball": [ "Master Ball" ],
        "premier-ball": [ "Honor Ball" ],
        "heal-ball": [ "Sana Ball" ],
        "net-ball": [ "Malla Ball" ],
        "nest-ball": [ "Nido Ball" ],
        "dive-ball": [ "Buceo Ball" ],
        "dusk-ball": [ "Ocaso Ball" ],
        "timer-ball": [ "Turno Ball" ],
        "quick-ball": [ "Veloz Ball" ],
        "repeat-ball": [ "Acopio Ball" ],
        "luxury-ball": [ "Lujo Ball" ],
        "fast-ball": [ "Rapid Ball" ],
        "friend-ball": [ "Amigo Ball" ],
        "lure-ball": [ "Cebo Ball" ],
        "level-ball": [ "Nivel Ball" ],
        "heavy-ball": [ "Peso Ball" ],
        "love-ball": [ "Amor Ball" ],
        "moon-ball": [ "Luna Ball" ],
        "dream-ball": [ "Ensueño Ball" ],
        "sport-ball": [ "Competi Ball" ],
        "safari-ball": [ "Safari Ball" ],
        "beast-ball": [ "Ente Ball" ]
    },
    "kor": {
        "poke-ball": [ "몬 스 터 볼" ],
        "great-ball": [ "수 퍼 볼" ],
        "ultra-ball": [ "하 이 퍼 볼" ],
        "master-ball": [ "마 스 터 볼" ],
        "premier-ball": [ "프 레 미 어 볼" ],
        "heal-ball": [ "힐 볼" ],
        "net-ball": [ "넷 트 볼" ],
        "nest-ball": [ "네 스 트 볼" ],
        "dive-ball": [ "다 이 브 볼" ],
        "dusk-ball": [ "다 크 볼" ],
        "timer-ball": [ "타 이 마 볼" ],
        "quick-ball": [ "퀵 볼" ],
        "repeat-ball": [ "리 피 드 볼" ],
        "luxury-ball": [ "럭 셔 리 볼" ],
        "fast-ball": [ "스 피 드 볼" ],
        "friend-ball": [ "프 렌 드 볼" ],
        "lure-ball": [ "루 어 볼" ],
        "level-ball": [ "레 벨 볼" ],
        "heavy-ball": [ "헤 비 볼" ],
        "love-ball": [ "러 브 러 브 볼" ],
        "moon-ball": [ "문 볼" ],
        "dream-ball": [ "드 림 볼" ],
        "sport-ball": [ "콤 페 볼" ],
        "safari-ball": [ "사 파 리 볼" ],
        "beast-ball": [ "울 트 라 볼" ]
    },
    "chi_sim": {
        "poke-ball": [ "精 灵 球" ],
        "great-ball": [ "超 级 球" ],
        "ultra-ball": [ "高 级 球" ],
        "master-ball": [ "大 师 球" ],
        "premier-ball": [ "纪 念 球" ],
        "heal-ball": [ " 治 愈 球" ],
        "net-ball": [ "捕 网 球" ],
        "nest-ball": [ "巢 穴 球" ],
        "dive-ball": [ "潜 水 球" ],
        "dusk-ball": [ "黑 暗 球" ],
        "timer-ball": [ "计 时 球" ],
        "quick-ball": [ "先 机 球" ],
        "repeat-ball": [ "重 复 球" ],
        "luxury-ball": [ "豪 华 球" ],
        "fast-ball": [ "速 度 球" ],
        "friend-ball": [ "友 友 球" ],
        "lure-ball": [ "诱 饵 球" ],
        "level-ball": [ "等 级 球" ],
        "heavy-ball": [ "沉 重 球" ],
        "love-ball": [ "甜 蜜 球" ],
        "moon-ball": [ "月 亮 球" ],
        "dream-ball": [ "梦 境 球" ],
        "sport-ball": [ "竞 赛 球" ],
        "safari-ball": [ "狞 猎 球" ],
        "beast-ball": [ "究 极 球" ]
    },
    "chi_tra": {
        "poke-ball": [ "精 靈 球" ],
        "great-ball": [ "超 級 球" ],
        "ultra-ball": [ "高 級 球" ],
        "master-ball": [ "大 師 球" ],
        "premier-ball": [ "紀 念 球" ],
        "heal-ball": [ "治 癒 球" ],
        "net-ball": [ "捕 網 球" ],
        "nest-ball": [ "巢 穴 球" ],
        "dive-ball": [ "潛 水 球" ],
        "dusk-ball": [ "黑 暗 球" ],
        "timer-ball": [ "計 時 球" ],
        "quick-ball": [ "先 機 球" ],
        "repeat-ball": [ "重 複 球" ],
        "luxury-ball": [ "豪 華 球" ],
        "fast-ball": [ "速 度 球" ],
        "friend-ball": [ "友 友 球" ],
        "lure-ball": [ "誘 餌 球" ],
        "level-ball": [ "等 級 球" ],
        "heavy-ball": [ "沉 重 球" ],
        "love-ball": [ "甜 蜜 球" ],
        "moon-ball": [ "月 亮 球" ],
        "dream-ball": [ "夢 境 球" ],
        "sport-ball": [ "競 賽 球" ],
        "safari-ball": [ "狩 獵 球" ],
        "beast-ball": [ "究 極 球" ]
    }
}
