﻿{
    "abomasnow": [
        "눈설왕"
    ],
    "abra": [
        "캐이시"
    ],
    "absol": [
        "앱솔",
        "애스브르"
    ],
    "accelgor": [
        "어지리더"
    ],
    "aegislash": [
        "킬가르도"
    ],
    "aerodactyl": [
        "프테라"
    ],
    "aggron": [
        "보스로라"
    ],
    "aipom": [
        "에이팜"
    ],
    "alakazam": [
        "후딘"
    ],
    "alcremie": [
        "마휘핑"
    ],
    "alomomola": [
        "맘복치"
    ],
    "altaria": [
        "파비코리"
    ],
    "amaura": [
        "아마루스"
    ],
    "ambipom": [
        "겟핸보숭"
    ],
    "amoonguss": [
        "뽀록나"
    ],
    "ampharos": [
        "전룡"
    ],
    "anorith": [
        "아노딥스"
    ],
    "appletun": [
        "단지래플"
    ],
    "applin": [
        "과사삭벌레"
    ],
    "araquanid": [
        "깨비물거미"
    ],
    "arbok": [
        "아보크"
    ],
    "arcanine": [
        "윈디"
    ],
    "arceus": [
        "아르세우스"
    ],
    "archen": [
        "아켄"
    ],
    "archeops": [
        "아케오스"
    ],
    "arctovish": [
        "어치르돈"
    ],
    "arctozolt": [
        "파치르돈"
    ],
    "ariados": [
        "아리아도스"
    ],
    "armaldo": [
        "아말도"
    ],
    "aromatisse": [
        "프레프티르"
    ],
    "aron": [
        "가보리"
    ],
    "arrokuda": [
        "찌로꼬치"
    ],
    "articuno": [
        "프리져"
    ],
    "audino": [
        "다부니"
    ],
    "aurorus": [
        "아마루르가"
    ],
    "avalugg": [
        "크레베이스"
    ],
    "axew": [
        "터검니"
    ],
    "azelf": [
        "아그놈"
    ],
    "azumarill": [
        "마릴리"
    ],
    "azurill": [
        "루리리"
    ],
    "bagon": [
        "아공이"
    ],
    "baltoy": [
        "오뚝군",
        "으트그구구",
        "으뜨구조그"
    ],
    "banette": [
        "다크펫"
    ],
    "barbaracle": [
        "거북손데스"
    ],
    "barboach": [
        "미꾸리"
    ],
    "barraskewda": [
        "꼬치조"
    ],
    "basculin": [
        "배쓰나이"
    ],
    "bastiodon": [
        "바리톱스"
    ],
    "bayleef": [
        "베이리프"
    ],
    "beartic": [
        "툰베어"
    ],
    "beautifly": [
        "뷰티플라이"
    ],
    "beedrill": [
        "독침붕"
    ],
    "beheeyem": [
        "벰크",
        "베",
        "크"
    ],
    "beldum": [
        "메탕"
    ],
    "bellossom": [
        "아르코"
    ],
    "bellsprout": [
        "모다피"
    ],
    "bergmite": [
        "꽁어름"
    ],
    "bewear": [
        "이븐곰"
    ],
    "bibarel": [
        "비버통"
    ],
    "bidoof": [
        "비버니"
    ],
    "binacle": [
        "거북손손"
    ],
    "bisharp": [
        "절각참"
    ],
    "blacephalon": [
        "두파팡"
    ],
    "blastoise": [
        "거북왕"
    ],
    "blaziken": [
        "번치코"
    ],
    "blipbug": [
        "두루지벌레"
    ],
    "blissey": [
        "해피너스"
    ],
    "blitzle": [
        "줄뮤마"
    ],
    "boldore": [
        "암트르"
    ],
    "boltund": [
        "펄스멍"
    ],
    "bonsly": [
        "꼬지지"
    ],
    "bouffalant": [
        "버프론"
    ],
    "bounsweet": [
        "달콤아"
    ],
    "braixen": [
        "테르나"
    ],
    "braviary": [
        "워글"
    ],
    "breloom": [
        "버섯모"
    ],
    "brionne": [
        "키요공"
    ],
    "bronzong": [
        "동탁군"
    ],
    "bronzor": [
        "동미러"
    ],
    "bruxish": [
        "치갈기"
    ],
    "budew": [
        "꼬몽울"
    ],
    "buizel": [
        "브이젤"
    ],
    "bulbasaur": [
        "이상해씨"
    ],
    "buneary": [
        "이어롤"
    ],
    "bunnelby": [
        "파르빗"
    ],
    "burmy": [
        "도롱충이"
    ],
    "butterfree": [
        "버터플"
    ],
    "buzzwole": [
        "매시붕"
    ],
    "cacnea": [
        "선인왕"
    ],
    "cacturne": [
        "밤선인"
    ],
    "calyrex": [
        "버드렉스"
    ],
    "camerupt": [
        "폭타"
    ],
    "carbink": [
        "멜리시"
    ],
    "carkol": [
        "탄차곤"
    ],
    "carnivine": [
        "무스틈니"
    ],
    "carracosta": [
        "늑골라"
    ],
    "carvanha": [
        "샤프니아"
    ],
    "cascoon": [
        "카스쿤"
    ],
    "castform": [
        "캐스퐁"
    ],
    "caterpie": [
        "캐터피"
    ],
    "celebi": [
        "세레비"
    ],
    "celesteela": [
        "철화구야"
    ],
    "centiskorch": [
        "다태우지네"
    ],
    "chandelure": [
        "샹델라"
    ],
    "chansey": [
        "럭키"
    ],
    "charizard": [
        "리자몽"
    ],
    "charjabug": [
        "전지충이"
    ],
    "charmander": [
        "파이리"
    ],
    "charmeleon": [
        "리자드"
    ],
    "chatot": [
        "페라페"
    ],
    "cherrim": [
        "체리꼬"
    ],
    "cherubi": [
        "체리버"
    ],
    "chesnaught": [
        "브리가론"
    ],
    "chespin": [
        "도치마론"
    ],
    "chewtle": [
        "깨물부기"
    ],
    "chikorita": [
        "치코리타"
    ],
    "chimchar": [
        "불꽃숭이"
    ],
    "chimecho": [
        "치렁"
    ],
    "chinchou": [
        "초라기"
    ],
    "chingling": [
        "랑딸랑"
    ],
    "cinccino": [
        "치라치노"
    ],
    "cinderace": [
        "에이스번"
    ],
    "clamperl": [
        "진주몽"
    ],
    "clauncher": [
        "완철포"
    ],
    "clawitzer": [
        "블로스터"
    ],
    "claydol": [
        "점토도리"
    ],
    "clefable": [
        "픽시"
    ],
    "clefairy": [
        "삐삐",
        "t1삐",
        "bt",
        "t11삐",
        "빼",
        "tt"
    ],
    "cleffa": [
        "삐",
        "bh",
        "th",
        "빼"
    ],
    "clobbopus": [
        "때때무노"
    ],
    "cloyster": [
        "파르셀"
    ],
    "coalossal": [
        "석탄산"
    ],
    "cobalion": [
        "코바르온"
    ],
    "cofagrigus": [
        "데스니칸"
    ],
    "combee": [
        "세꿀버리"
    ],
    "combusken": [
        "영치코"
    ],
    "comfey": [
        "큐아링"
    ],
    "conkeldurr": [
        "노보청"
    ],
    "copperajah": [
        "대왕끼리동"
    ],
    "corphish": [
        "가재군"
    ],
    "corsola": [
        "코산호"
    ],
    "corviknight": [
        "아머까오"
    ],
    "corvisquire": [
        "파크로우"
    ],
    "cosmoem": [
        "코스모움"
    ],
    "cosmog": [
        "코스모그"
    ],
    "cottonee": [
        "소미안"
    ],
    "crabominable": [
        "모단단게"
    ],
    "crabrawler": [
        "오기지게"
    ],
    "cradily": [
        "릴리요"
    ],
    "cramorant": [
        "윽우지"
    ],
    "cranidos": [
        "두개도스"
    ],
    "crawdaunt": [
        "가재장군"
    ],
    "cresselia": [
        "크레세리아"
    ],
    "croagunk": [
        "삐딱구리"
    ],
    "crobat": [
        "크로뱃"
    ],
    "croconaw": [
        "엘리게이"
    ],
    "crustle": [
        "암팰리스"
    ],
    "cryogonal": [
        "프리지오"
    ],
    "cubchoo": [
        "코고미"
    ],
    "cubone": [
        "탕구리"
    ],
    "cufant": [
        "끼리동"
    ],
    "cursola": [
        "산호르곤"
    ],
    "cutiefly": [
        "에블리"
    ],
    "cyndaquil": [
        "브케인"
    ],
    "darkrai": [
        "다크라이"
    ],
    "darmanitan": [
        "불비달마"
    ],
    "dartrix": [
        "빼미스로우"
    ],
    "darumaka": [
        "달막화"
    ],
    "decidueye": [
        "모크나이퍼"
    ],
    "dedenne": [
        "데덴네"
    ],
    "deerling": [
        "사철록"
    ],
    "deino": [
        "모노두",
        "디느드고고",
        "디느드그ᅮ",
        "더노도고구",
        "던노드고구",
        "더노드고고구",
        "디느드고고ᅮ",
        "던노트111tt"
    ],
    "delcatty": [
        "델케티"
    ],
    "delibird": [
        "딜리버드"
    ],
    "delphox": [
        "마폭시"
    ],
    "deoxys": [
        "테오키스"
    ],
    "dewgong": [
        "쥬레곤"
    ],
    "dewott": [
        "쌍검자비"
    ],
    "dewpider": [
        "물거미"
    ],
    "dhelmise": [
        "타타륜"
    ],
    "dialga": [
        "디아루가"
    ],
    "diancie": [
        "디안시"
    ],
    "diggersby": [
        "파르토"
    ],
    "diglett": [
        "디그다"
    ],
    "ditto": [
        "메타몽"
    ],
    "dodrio": [
        "두트리오"
    ],
    "doduo": [
        "두두"
    ],
    "donphan": [
        "코리갑"
    ],
    "dottler": [
        "레돔벌레"
    ],
    "doublade": [
        "쌍검킬"
    ],
    "dracovish": [
        "어래곤"
    ],
    "dracozolt": [
        "파치래곤"
    ],
    "dragalge": [
        "드래캄"
    ],
    "dragapult": [
        "드래펄트"
    ],
    "dragonair": [
        "신뇽"
    ],
    "dragonite": [
        "망나뇽"
    ],
    "drakloak": [
        "드래런치"
    ],
    "drampa": [
        "할비롱"
    ],
    "drapion": [
        "드래피온"
    ],
    "dratini": [
        "미뇽",
        "미등"
    ],
    "drednaw": [
        "갈가부기"
    ],
    "dreepy": [
        "드라꼰"
    ],
    "drifblim": [
        "둥실라이드"
    ],
    "drifloon": [
        "흔들풍손",
        "릉드프ᄉᄉ근른으느",
        "르드은근로",
        "르드프스든른으느"
    ],
    "drilbur": [
        "두더류"
    ],
    "drizzile": [
        "누겔레온"
    ],
    "drowzee": [
        "슬리프"
    ],
    "druddigon": [
        "크리만"
    ],
    "dubwool": [
        "배우르"
    ],
    "ducklett": [
        "꼬지보리"
    ],
    "dugtrio": [
        "닥트리오"
    ],
    "dunsparce": [
        "노고치"
    ],
    "duosion": [
        "듀란"
    ],
    "duraludon": [
        "두랄루돈"
    ],
    "durant": [
        "아이앤트"
    ],
    "dusclops": [
        "미라몽"
    ],
    "dusknoir": [
        "야느와르몽"
    ],
    "duskull": [
        "해골몽"
    ],
    "dustox": [
        "독케일"
    ],
    "dwebble": [
        "돌살이"
    ],
    "eelektrik": [
        "저리릴"
    ],
    "eelektross": [
        "저리더프"
    ],
    "eevee": [
        "이브이"
    ],
    "eiscue": [
        "빙큐보"
    ],
    "ekans": [
        "아보"
    ],
    "eldegoss": [
        "백솜모카"
    ],
    "electabuzz": [
        "에레브"
    ],
    "electivire": [
        "에레키블"
    ],
    "electrike": [
        "썬더라이"
    ],
    "electrode": [
        "붐볼"
    ],
    "elekid": [
        "에레키드"
    ],
    "elgyem": [
        "리그레"
    ],
    "emboar": [
        "염무왕"
    ],
    "emolga": [
        "에몽가"
    ],
    "empoleon": [
        "엠페르트"
    ],
    "entei": [
        "앤테이"
    ],
    "escavalier": [
        "슈바르고"
    ],
    "espeon": [
        "에브이"
    ],
    "espurr": [
        "냐스퍼"
    ],
    "eternatus": [
        "무한다이노"
    ],
    "excadrill": [
        "몰드류"
    ],
    "exeggcute": [
        "아라리"
    ],
    "exeggutor": [
        "나시"
    ],
    "exploud": [
        "폭음룡"
    ],
    "falinks": [
        "대여르"
    ],
    "farfetch-d": [
        "파오리"
    ],
    "fearow": [
        "깨비드릴조"
    ],
    "feebas": [
        "빈티나"
    ],
    "fennekin": [
        "푸호꼬"
    ],
    "feraligatr": [
        "장크로다일"
    ],
    "ferroseed": [
        "철시드"
    ],
    "ferrothorn": [
        "너트령"
    ],
    "finneon": [
        "형광어"
    ],
    "flaaffy": [
        "보송송"
    ],
    "flabebe": [
        "플라베베"
    ],
    "flapple": [
        "애프룡"
    ],
    "flareon": [
        "부스터"
    ],
    "fletchinder": [
        "불화살빈"
    ],
    "fletchling": [
        "화살꼬빈"
    ],
    "floatzel": [
        "플로젤"
    ],
    "floette": [
        "플라엣테"
    ],
    "florges": [
        "플라제스"
    ],
    "flygon": [
        "플라이곤"
    ],
    "fomantis": [
        "짜랑랑"
    ],
    "foongus": [
        "깜놀버슬"
    ],
    "forretress": [
        "쏘콘"
    ],
    "fraxure": [
        "액슨도"
    ],
    "frillish": [
        "탱그릴"
    ],
    "froakie": [
        "개구마르"
    ],
    "frogadier": [
        "개굴반장"
    ],
    "froslass": [
        "눈여아"
    ],
    "frosmoth": [
        "모스노우",
        "디스노오고스조구",
        "딘스노으고구",
        "더스노으그우고"
    ],
    "furfrou": [
        "트리미앙"
    ],
    "furret": [
        "다꼬리"
    ],
    "gabite": [
        "한바이트"
    ],
    "gallade": [
        "엘레이드"
    ],
    "galvantula": [
        "전툴라"
    ],
    "garbodor": [
        "더스트나"
    ],
    "garchomp": [
        "한카리아스"
    ],
    "gardevoir": [
        "가디안"
    ],
    "gastly": [
        "고오스"
    ],
    "gastrodon": [
        "트리토돈"
    ],
    "genesect": [
        "게노세크트"
    ],
    "gengar": [
        "팬텀",
        "팸",
        "팬"
    ],
    "geodude": [
        "꼬마돌"
    ],
    "gible": [
        "딥상어동"
    ],
    "gigalith": [
        "기가이어스"
    ],
    "girafarig": [
        "키링키"
    ],
    "giratina": [
        "기라티나"
    ],
    "glaceon": [
        "글레이시아"
    ],
    "glalie": [
        "얼음귀신"
    ],
    "glameow": [
        "나옹마"
    ],
    "glastrier": [
        "블리자포스"
    ],
    "gligar": [
        "글라이거"
    ],
    "gliscor": [
        "글라이온"
    ],
    "gloom": [
        "냄새꼬"
    ],
    "gogoat": [
        "고고트"
    ],
    "golbat": [
        "골뱃"
    ],
    "goldeen": [
        "콘치"
    ],
    "golduck": [
        "골덕"
    ],
    "golem": [
        "딱구리"
    ],
    "golett": [
        "골비람"
    ],
    "golisopod": [
        "갑주무사"
    ],
    "golurk": [
        "골루그"
    ],
    "goodra": [
        "미끄래곤"
    ],
    "goomy": [
        "미끄메라"
    ],
    "gorebyss": [
        "분홍장이"
    ],
    "gossifleur": [
        "꼬모카"
    ],
    "gothita": [
        "고디탱"
    ],
    "gothitelle": [
        "고디모아젤"
    ],
    "gothorita": [
        "고디보미"
    ],
    "gourgeist": [
        "펌킨인"
    ],
    "granbull": [
        "그랑블루"
    ],
    "grapploct": [
        "케오퍼스"
    ],
    "graveler": [
        "데구리"
    ],
    "greedent": [
        "요씽리스"
    ],
    "greninja": [
        "개굴닌자"
    ],
    "grimer": [
        "질퍽이"
    ],
    "grimmsnarl": [
        "오롱털"
    ],
    "grookey": [
        "흥나숭"
    ],
    "grotle": [
        "수풀부기"
    ],
    "groudon": [
        "그란돈"
    ],
    "grovyle": [
        "나무돌이"
    ],
    "growlithe": [
        "가디"
    ],
    "grubbin": [
        "턱지충이"
    ],
    "grumpig": [
        "피그킹"
    ],
    "gulpin": [
        "꼴깍몬"
    ],
    "gumshoos": [
        "형사구스"
    ],
    "gurdurr": [
        "토쇠골"
    ],
    "guzzlord": [
        "악식킹"
    ],
    "gyarados": [
        "갸라도스"
    ],
    "hakamo-o": [
        "짜랑고우"
    ],
    "happiny": [
        "핑복"
    ],
    "hariyama": [
        "하리뭉"
    ],
    "hatenna": [
        "몸지브림"
    ],
    "hatterene": [
        "브리무음"
    ],
    "hattrem": [
        "손지브림"
    ],
    "haunter": [
        "고우스트"
    ],
    "hawlucha": [
        "루차불"
    ],
    "haxorus": [
        "액스라이즈"
    ],
    "heatmor": [
        "앤티골"
    ],
    "heatran": [
        "히드런"
    ],
    "heliolisk": [
        "일레도리자드"
    ],
    "helioptile": [
        "목도리키텔"
    ],
    "heracross": [
        "헤라크로스"
    ],
    "herdier": [
        "하데리어"
    ],
    "hippopotas": [
        "히포포타스"
    ],
    "hippowdon": [
        "하마돈"
    ],
    "hitmonchan": [
        "홍수몬"
    ],
    "hitmonlee": [
        "시라소몬"
    ],
    "hitmontop": [
        "카포에라"
    ],
    "ho-oh": [
        "칠색조"
    ],
    "honchkrow": [
        "돈크로우"
    ],
    "honedge": [
        "단칼빙"
    ],
    "hoopa": [
        "후파"
    ],
    "hoothoot": [
        "부우부",
        "브으브ttt",
        "븐으브ttt"
    ],
    "hoppip": [
        "통통코"
    ],
    "horsea": [
        "쏘드라"
    ],
    "houndoom": [
        "헬가"
    ],
    "houndour": [
        "델빌"
    ],
    "huntail": [
        "헌테일"
    ],
    "hydreigon": [
        "삼삼드래"
    ],
    "hypno": [
        "슬리퍼"
    ],
    "igglybuff": [
        "푸푸린"
    ],
    "illumise": [
        "네오비트"
    ],
    "impidimp": [
        "메롱꿍"
    ],
    "incineroar": [
        "어흥염"
    ],
    "indeedee": [
        "에써르"
    ],
    "infernape": [
        "초염몽"
    ],
    "inkay": [
        "오케이징"
    ],
    "inteleon": [
        "인텔리레온"
    ],
    "ivysaur": [
        "이상해풀"
    ],
    "jangmo-o": [
        "짜랑꼬"
    ],
    "jellicent": [
        "탱탱겔"
    ],
    "jigglypuff": [
        "푸린",
        "프푸린"
    ],
    "jirachi": [
        "지라치"
    ],
    "jolteon": [
        "쥬피썬더"
    ],
    "joltik": [
        "파쪼옥"
    ],
    "jumpluff": [
        "솜솜코"
    ],
    "jynx": [
        "루주라"
    ],
    "kabuto": [
        "투구",
        "트그tt",
        "트그ᅮᅮ"
    ],
    "kabutops": [
        "투구푸스",
        "튼그프ᄉttt"
    ],
    "kadabra": [
        "윤겔라"
    ],
    "kakuna": [
        "딱충이"
    ],
    "kangaskhan": [
        "캥카"
    ],
    "karrablast": [
        "딱정곤"
    ],
    "kartana": [
        "종이신도"
    ],
    "kecleon": [
        "켈리몬"
    ],
    "keldeo": [
        "케르디오"
    ],
    "kingdra": [
        "킹드라"
    ],
    "kingler": [
        "킹크랩"
    ],
    "kirlia": [
        "킬리아"
    ],
    "klang": [
        "기기어르"
    ],
    "klefki": [
        "클레피"
    ],
    "klink": [
        "기어르"
    ],
    "klinklang": [
        "기기기어르"
    ],
    "koffing": [
        "또가스"
    ],
    "komala": [
        "자말라"
    ],
    "kommo-o": [
        "짜랑고우거"
    ],
    "krabby": [
        "크랩"
    ],
    "kricketot": [
        "귀뚤뚜기"
    ],
    "kricketune": [
        "귀뚤톡크"
    ],
    "krokorok": [
        "악비르"
    ],
    "krookodile": [
        "악비아르"
    ],
    "kubfu": [
        "치고마"
    ],
    "kyogre": [
        "가이오가"
    ],
    "kyurem": [
        "큐레무"
    ],
    "lairon": [
        "갱도라"
    ],
    "lampent": [
        "램프라"
    ],
    "landorus": [
        "랜드로스"
    ],
    "lanturn": [
        "랜턴"
    ],
    "lapras": [
        "라프라스"
    ],
    "larvesta": [
        "활화르바"
    ],
    "larvitar": [
        "애버라스"
    ],
    "latias": [
        "라티아스"
    ],
    "latios": [
        "라티오스"
    ],
    "leafeon": [
        "리피아"
    ],
    "leavanny": [
        "모아머"
    ],
    "ledian": [
        "레디안"
    ],
    "ledyba": [
        "레디바"
    ],
    "lickilicky": [
        "내룸벨트"
    ],
    "lickitung": [
        "내루미"
    ],
    "liepard": [
        "레파르다스"
    ],
    "lileep": [
        "릴링"
    ],
    "lilligant": [
        "드레디어"
    ],
    "lillipup": [
        "요테리"
    ],
    "linoone": [
        "직구리"
    ],
    "litleo": [
        "레오꼬"
    ],
    "litten": [
        "냐오불"
    ],
    "litwick": [
        "불켜미"
    ],
    "lombre": [
        "로토스"
    ],
    "lopunny": [
        "이어롭"
    ],
    "lotad": [
        "연꽃몬"
    ],
    "loudred": [
        "노공룡"
    ],
    "lucario": [
        "루카리오"
    ],
    "ludicolo": [
        "로파파"
    ],
    "lugia": [
        "루기아"
    ],
    "lumineon": [
        "네오라이트"
    ],
    "lunala": [
        "루나아라"
    ],
    "lunatone": [
        "루나톤"
    ],
    "lurantis": [
        "라란티스"
    ],
    "luvdisc": [
        "사랑동이"
    ],
    "luxio": [
        "럭시오"
    ],
    "luxray": [
        "렌트라"
    ],
    "lycanroc": [
        "루가루암"
    ],
    "machamp": [
        "괴력몬"
    ],
    "machoke": [
        "근육몬"
    ],
    "machop": [
        "알통몬"
    ],
    "magby": [
        "마그비"
    ],
    "magcargo": [
        "마그카르고"
    ],
    "magearna": [
        "마기아나"
    ],
    "magikarp": [
        "잉어킹"
    ],
    "magmar": [
        "마그마"
    ],
    "magmortar": [
        "마그마번"
    ],
    "magnemite": [
        "코일"
    ],
    "magneton": [
        "레어코일"
    ],
    "magnezone": [
        "자포코일"
    ],
    "makuhita": [
        "마크탕"
    ],
    "malamar": [
        "칼라마네로"
    ],
    "mamoswine": [
        "맘모꾸리"
    ],
    "manaphy": [
        "마나피"
    ],
    "mandibuzz": [
        "버랜지나"
    ],
    "manectric": [
        "썬더볼트"
    ],
    "mankey": [
        "망키"
    ],
    "mantine": [
        "만타인"
    ],
    "mantyke": [
        "타만타"
    ],
    "maractus": [
        "마라카치"
    ],
    "mareanie": [
        "시마사리"
    ],
    "mareep": [
        "메리프"
    ],
    "marill": [
        "마릴"
    ],
    "marowak": [
        "텅구리"
    ],
    "marshadow": [
        "마샤도"
    ],
    "marshtomp": [
        "늪짱이"
    ],
    "masquerain": [
        "비나방"
    ],
    "mawile": [
        "입치트"
    ],
    "medicham": [
        "요가램"
    ],
    "meditite": [
        "요가랑"
    ],
    "meganium": [
        "메가니움"
    ],
    "melmetal": [
        "멜메탈"
    ],
    "meloetta": [
        "메로엣타"
    ],
    "meltan": [
        "멜탄"
    ],
    "meowstic": [
        "냐오닉스"
    ],
    "meowth": [
        "나옹"
    ],
    "mesprit": [
        "엠라이트"
    ],
    "metagross": [
        "메타그로스"
    ],
    "metang": [
        "메탕구"
    ],
    "metapod": [
        "단데기"
    ],
    "mew": [
        "뮤"
    ],
    "mewtwo": [
        "뮤츠"
    ],
    "mienfoo": [
        "비조푸"
    ],
    "mienshao": [
        "비조도"
    ],
    "mightyena": [
        "그라에나"
    ],
    "milcery": [
        "마빌크"
    ],
    "milotic": [
        "밀로틱"
    ],
    "miltank": [
        "밀탱크"
    ],
    "mime-jr": [
        "흉내내"
    ],
    "mimikyu": [
        "따라큐"
    ],
    "minccino": [
        "치라미"
    ],
    "minior": [
        "메테노"
    ],
    "minun": [
        "마이농"
    ],
    "misdreavus": [
        "무우마"
    ],
    "mismagius": [
        "무우마직"
    ],
    "moltres": [
        "파이어"
    ],
    "monferno": [
        "파이숭이"
    ],
    "morelull": [
        "자마슈"
    ],
    "morgrem": [
        "쏘겨모"
    ],
    "morpeko": [
        "모르페코"
    ],
    "mothim": [
        "나메일"
    ],
    "mr-mime": [
        "마임맨"
    ],
    "mr-rime": [
        "마임꽁꽁"
    ],
    "mudbray": [
        "머드나기"
    ],
    "mudkip": [
        "물짱이"
    ],
    "mudsdale": [
        "만마드"
    ],
    "muk": [
        "질뻐기"
    ],
    "munchlax": [
        "먹고자"
    ],
    "munna": [
        "몽나"
    ],
    "murkrow": [
        "니로우"
    ],
    "musharna": [
        "몽얌나"
    ],
    "naganadel": [
        "아고용"
    ],
    "natu": [
        "네이티"
    ],
    "necrozma": [
        "네크로즈마"
    ],
    "nickit": [
        "훔처우"
    ],
    "nidoking": [
        "니드킹"
    ],
    "nidoqueen": [
        "니드퀸"
    ],
    "nidoran-f": [
        "니드런♀"
    ],
    "nidoran-m": [
        "니드런♂"
    ],
    "nidorina": [
        "니드리나"
    ],
    "nidorino": [
        "니드리노"
    ],
    "nihilego": [
        "텅비드"
    ],
    "nincada": [
        "토중몬"
    ],
    "ninetales": [
        "나인테일"
    ],
    "ninjask": [
        "아이스크"
    ],
    "noctowl": [
        "야부엉"
    ],
    "noibat": [
        "음뱃"
    ],
    "noivern": [
        "음번"
    ],
    "nosepass": [
        "코코파스"
    ],
    "numel": [
        "둔타"
    ],
    "nuzleaf": [
        "잎새코"
    ],
    "obstagoon": [
        "가로막구리"
    ],
    "octillery": [
        "대포무노"
    ],
    "oddish": [
        "뚜벅쵸"
    ],
    "omanyte": [
        "암나이트"
    ],
    "omastar": [
        "암스타"
    ],
    "onix": [
        "롱스톤"
    ],
    "oranguru": [
        "하랑우탄"
    ],
    "orbeetle": [
        "이올브"
    ],
    "oricorio": [
        "춤추새"
    ],
    "oshawott": [
        "수댕이"
    ],
    "pachirisu": [
        "파치리스"
    ],
    "palkia": [
        "펄기아"
    ],
    "palossand": [
        "모래성이당"
    ],
    "palpitoad": [
        "두까비"
    ],
    "pancham": [
        "판짱"
    ],
    "pangoro": [
        "부란다"
    ],
    "panpour": [
        "앗차프"
    ],
    "pansage": [
        "야나프"
    ],
    "pansear": [
        "바오프"
    ],
    "paras": [
        "파라스"
    ],
    "parasect": [
        "파라섹트"
    ],
    "passimian": [
        "내던숭이"
    ],
    "patrat": [
        "보르쥐"
    ],
    "pawniard": [
        "자망칼"
    ],
    "pelipper": [
        "패리퍼"
    ],
    "perrserker": [
        "나이킹"
    ],
    "persian": [
        "페르시온"
    ],
    "petilil": [
        "치릴리"
    ],
    "phanpy": [
        "코코리"
    ],
    "phantump": [
        "나목령"
    ],
    "pheromosa": [
        "페로코체"
    ],
    "phione": [
        "피오네"
    ],
    "pichu": [
        "피츄"
    ],
    "pidgeot": [
        "피죤투"
    ],
    "pidgeotto": [
        "피죤"
    ],
    "pidgey": [
        "구구"
    ],
    "pidove": [
        "콩둘기"
    ],
    "pignite": [
        "차오꿀"
    ],
    "pikachu": [
        "피카츄"
    ],
    "pikipek": [
        "콕코구리"
    ],
    "piloswine": [
        "메꾸리"
    ],
    "pincurchin": [
        "찌르성게"
    ],
    "pineco": [
        "피콘"
    ],
    "pinsir": [
        "쁘사이저"
    ],
    "piplup": [
        "팽도리"
    ],
    "plusle": [
        "플러시"
    ],
    "poipole": [
        "베베놈"
    ],
    "politoed": [
        "왕구리"
    ],
    "poliwag": [
        "발챙이"
    ],
    "poliwhirl": [
        "슈륙챙이"
    ],
    "poliwrath": [
        "강챙이"
    ],
    "polteageist": [
        "포트데스"
    ],
    "ponyta": [
        "포니타"
    ],
    "poochyena": [
        "포챠나"
    ],
    "popplio": [
        "누리공"
    ],
    "porygon": [
        "폴리곤"
    ],
    "porygon-z": [
        "폴리곤Z",
        "폴리곤",
        "폴리곤2"
    ],
    "porygon2": [
        "폴리곤2"
    ],
    "primarina": [
        "누리레느"
    ],
    "primeape": [
        "성원숭"
    ],
    "prinplup": [
        "팽태자"
    ],
    "probopass": [
        "대코파스"
    ],
    "psyduck": [
        "고라파덕"
    ],
    "pumpkaboo": [
        "호바귀"
    ],
    "pupitar": [
        "데기라스"
    ],
    "purrloin": [
        "쌔비냥"
    ],
    "purugly": [
        "몬냥이"
    ],
    "pyroar": [
        "화염레오"
    ],
    "pyukumuku": [
        "해무기"
    ],
    "quagsire": [
        "누오",
        "느무7"
    ],
    "quilava": [
        "마그케인"
    ],
    "quilladin": [
        "도치보구"
    ],
    "qwilfish": [
        "침바루"
    ],
    "raboot": [
        "래비풋"
    ],
    "raichu": [
        "라이츄"
    ],
    "raikou": [
        "라이코"
    ],
    "ralts": [
        "랄토스"
    ],
    "rampardos": [
        "램펄드"
    ],
    "rapidash": [
        "날쌩마",
        "낭마"
    ],
    "raticate": [
        "레트라"
    ],
    "rattata": [
        "꼬렛"
    ],
    "rayquaza": [
        "레쿠쟈"
    ],
    "regice": [
        "레지아이스"
    ],
    "regidrago": [
        "레지드래고"
    ],
    "regieleki": [
        "레지에레키"
    ],
    "regigigas": [
        "레지기가스"
    ],
    "regirock": [
        "레지락"
    ],
    "registeel": [
        "레지스틸"
    ],
    "relicanth": [
        "시라칸"
    ],
    "remoraid": [
        "총어"
    ],
    "reshiram": [
        "레시라무"
    ],
    "reuniclus": [
        "란쿨루스"
    ],
    "rhydon": [
        "코뿌리"
    ],
    "rhyhorn": [
        "뿔카노"
    ],
    "rhyperior": [
        "거대코뿌리"
    ],
    "ribombee": [
        "에리본"
    ],
    "rillaboom": [
        "고릴타"
    ],
    "riolu": [
        "리오르"
    ],
    "rockruff": [
        "암멍이"
    ],
    "roggenrola": [
        "단굴"
    ],
    "rolycoly": [
        "탄동"
    ],
    "rookidee": [
        "파라꼬"
    ],
    "roselia": [
        "로젤리아"
    ],
    "roserade": [
        "로즈레이드"
    ],
    "rotom": [
        "로토무"
    ],
    "rowlet": [
        "나몰빼미"
    ],
    "rufflet": [
        "수리둥보"
    ],
    "runerigus": [
        "데스판"
    ],
    "sableye": [
        "깜까미"
    ],
    "salamence": [
        "보만다"
    ],
    "salandit": [
        "야도뇽"
    ],
    "salazzle": [
        "염뉴트"
    ],
    "samurott": [
        "대검귀"
    ],
    "sandaconda": [
        "사다이사"
    ],
    "sandile": [
        "깜눈크"
    ],
    "sandshrew": [
        "모래두지"
    ],
    "sandslash": [
        "고지"
    ],
    "sandygast": [
        "모래꿍"
    ],
    "sawk": [
        "타격귀"
    ],
    "sawsbuck": [
        "바라철록"
    ],
    "scatterbug": [
        "분이벌레"
    ],
    "sceptile": [
        "나무킹"
    ],
    "scizor": [
        "핫삼"
    ],
    "scolipede": [
        "펜드라"
    ],
    "scorbunny": [
        "염버니"
    ],
    "scrafty": [
        "곤율거니"
    ],
    "scraggy": [
        "곤율랭",
        "고용랙는"
    ],
    "scyther": [
        "스라크"
    ],
    "seadra": [
        "시드라"
    ],
    "seaking": [
        "왕콘치"
    ],
    "sealeo": [
        "씨레오"
    ],
    "seedot": [
        "도토링"
    ],
    "seel": [
        "쥬쥬"
    ],
    "seismitoad": [
        "두빅굴"
    ],
    "sentret": [
        "꼬리선"
    ],
    "serperior": [
        "샤로다"
    ],
    "servine": [
        "샤비"
    ],
    "seviper": [
        "세비퍼"
    ],
    "sewaddle": [
        "두르보"
    ],
    "sharpedo": [
        "샤크니아"
    ],
    "shaymin": [
        "쉐이미"
    ],
    "shedinja": [
        "껍질몬"
    ],
    "shelgon": [
        "쉘곤",
        "쉐르느"
    ],
    "shellder": [
        "셀러"
    ],
    "shellos": [
        "깝질무",
        "가지머브르",
        "가지미브르",
        "가직미브르"
    ],
    "shelmet": [
        "쪼마리"
    ],
    "shieldon": [
        "방패톱스"
    ],
    "shiftry": [
        "다탱구"
    ],
    "shiinotic": [
        "마셰이드"
    ],
    "shinx": [
        "꼬링크"
    ],
    "shroomish": [
        "버섯꼬"
    ],
    "shuckle": [
        "단단지"
    ],
    "shuppet": [
        "어둠대신"
    ],
    "sigilyph": [
        "심보러"
    ],
    "silcoon": [
        "실쿤"
    ],
    "silicobra": [
        "모래뱀"
    ],
    "silvally": [
        "실버디"
    ],
    "simipour": [
        "앗차키"
    ],
    "simisage": [
        "야나키"
    ],
    "simisear": [
        "바오키"
    ],
    "sinistea": [
        "데인차"
    ],
    "sirfetch-d": [
        "창파나이트"
    ],
    "sizzlipede": [
        "태우지네"
    ],
    "skarmory": [
        "무장조"
    ],
    "skiddo": [
        "메이클"
    ],
    "skiploom": [
        "두코"
    ],
    "skitty": [
        "에나비"
    ],
    "skorupi": [
        "스콜피"
    ],
    "skrelp": [
        "수레기"
    ],
    "skuntank": [
        "스컹탱크"
    ],
    "skwovet": [
        "탐리스"
    ],
    "slaking": [
        "게을킹"
    ],
    "slakoth": [
        "게을로"
    ],
    "sliggoo": [
        "미끄네일"
    ],
    "slowbro": [
        "야도란"
    ],
    "slowking": [
        "야도킹"
    ],
    "slowpoke": [
        "야돈"
    ],
    "slugma": [
        "마그마그"
    ],
    "slurpuff": [
        "나루림"
    ],
    "smeargle": [
        "루브도"
    ],
    "smoochum": [
        "뽀뽀라"
    ],
    "sneasel": [
        "포푸니"
    ],
    "snivy": [
        "주리비얀"
    ],
    "snom": [
        "누니머기"
    ],
    "snorlax": [
        "잠만보"
    ],
    "snorunt": [
        "눈꼬마"
    ],
    "snover": [
        "눈쓰개"
    ],
    "snubbull": [
        "블루"
    ],
    "sobble": [
        "울머기"
    ],
    "solgaleo": [
        "솔가레오"
    ],
    "solosis": [
        "유니란"
    ],
    "solrock": [
        "솔록"
    ],
    "spearow": [
        "깨비참"
    ],
    "spectrier": [
        "레이스포스"
    ],
    "spewpa": [
        "분떠도리"
    ],
    "spheal": [
        "대굴레오"
    ],
    "spinarak": [
        "페이검"
    ],
    "spinda": [
        "얼루기"
    ],
    "spiritomb": [
        "화강돌"
    ],
    "spoink": [
        "피그점프"
    ],
    "spritzee": [
        "슈쁘"
    ],
    "squirtle": [
        "꼬부기"
    ],
    "stakataka": [
        "차곡차곡"
    ],
    "stantler": [
        "노라키"
    ],
    "staraptor": [
        "찌르호크"
    ],
    "staravia": [
        "찌르버드"
    ],
    "starly": [
        "찌르꼬"
    ],
    "starmie": [
        "아쿠스타"
    ],
    "staryu": [
        "별가사리"
    ],
    "steelix": [
        "강철톤"
    ],
    "steenee": [
        "달무리나"
    ],
    "stonjourner": [
        "돌헨진"
    ],
    "stoutland": [
        "바랜드"
    ],
    "stufful": [
        "포곰곰",
        "프골고그"
    ],
    "stunfisk": [
        "메더"
    ],
    "stunky": [
        "스컹뿡",
        "브비스컴"
    ],
    "sudowoodo": [
        "꼬지모"
    ],
    "suicune": [
        "스이쿤"
    ],
    "sunflora": [
        "해루미"
    ],
    "sunkern": [
        "해너츠"
    ],
    "surskit": [
        "비구술"
    ],
    "swablu": [
        "파비코"
    ],
    "swadloon": [
        "두르쿤"
    ],
    "swalot": [
        "꿀꺽몬"
    ],
    "swampert": [
        "대짱이"
    ],
    "swanna": [
        "스완나"
    ],
    "swellow": [
        "스왈로"
    ],
    "swinub": [
        "꾸꾸리"
    ],
    "swirlix": [
        "나룸퍼프"
    ],
    "swoobat": [
        "맘박쥐"
    ],
    "sylveon": [
        "님피아"
    ],
    "taillow": [
        "테일로"
    ],
    "talonflame": [
        "파이어로"
    ],
    "tangela": [
        "덩쿠리"
    ],
    "tangrowth": [
        "덩쿠림보"
    ],
    "tapu-bulu": [
        "카푸브루루"
    ],
    "tapu-fini": [
        "카푸느지느"
    ],
    "tapu-koko": [
        "카푸꼬꼬꼭"
    ],
    "tapu-lele": [
        "카푸나비나"
    ],
    "tauros": [
        "켄타로스"
    ],
    "teddiursa": [
        "깜지곰"
    ],
    "tentacool": [
        "왕눈해"
    ],
    "tentacruel": [
        "독파리"
    ],
    "tepig": [
        "뚜꾸리"
    ],
    "terrakion": [
        "테라키온"
    ],
    "thievul": [
        "폭슬라이"
    ],
    "throh": [
        "던지미"
    ],
    "thundurus": [
        "볼트로스"
    ],
    "thwackey": [
        "채키몽"
    ],
    "timburr": [
        "으랏차"
    ],
    "tirtouga": [
        "프로토가"
    ],
    "togedemaru": [
        "토게데마루"
    ],
    "togekiss": [
        "토게키스"
    ],
    "togepi": [
        "토게피"
    ],
    "togetic": [
        "토게틱"
    ],
    "torchic": [
        "아차모"
    ],
    "torkoal": [
        "코터스"
    ],
    "tornadus": [
        "토네로스"
    ],
    "torracat": [
        "냐오히트"
    ],
    "torterra": [
        "토대부기"
    ],
    "totodile": [
        "리아코"
    ],
    "toucannon": [
        "왕큰부리"
    ],
    "toxapex": [
        "더시마사리"
    ],
    "toxel": [
        "일레즌"
    ],
    "toxicroak": [
        "독개굴"
    ],
    "toxtricity": [
        "스트린더"
    ],
    "tranquill": [
        "유토브"
    ],
    "trapinch": [
        "톱치",
        "틈치"
    ],
    "treecko": [
        "나무지기"
    ],
    "trevenant": [
        "대로트"
    ],
    "tropius": [
        "트로피우스"
    ],
    "trubbish": [
        "깨봉이"
    ],
    "trumbeak": [
        "크라파"
    ],
    "tsareena": [
        "달코퀸"
    ],
    "turtonator": [
        "폭거북스"
    ],
    "turtwig": [
        "모부기"
    ],
    "tympole": [
        "동챙이"
    ],
    "tynamo": [
        "저리어"
    ],
    "type-null": [
        "타입:널"
    ],
    "typhlosion": [
        "블레이범"
    ],
    "tyranitar": [
        "마기라스"
    ],
    "tyrantrum": [
        "견고라스"
    ],
    "tyrogue": [
        "배루키"
    ],
    "tyrunt": [
        "티고라스"
    ],
    "umbreon": [
        "블래키"
    ],
    "unfezant": [
        "켄호로우"
    ],
    "unown": [
        "안농"
    ],
    "ursaring": [
        "링곰"
    ],
    "urshifu": [
        "우라오스"
    ],
    "uxie": [
        "유크시"
    ],
    "vanillish": [
        "바닐리치"
    ],
    "vanillite": [
        "바닐프티"
    ],
    "vanilluxe": [
        "배바닐라"
    ],
    "vaporeon": [
        "샤미드"
    ],
    "venipede": [
        "마디네"
    ],
    "venomoth": [
        "도나리"
    ],
    "venonat": [
        "콘팡"
    ],
    "venusaur": [
        "이상해꽃"
    ],
    "vespiquen": [
        "비퀸"
    ],
    "vibrava": [
        "비브라바"
    ],
    "victini": [
        "비크티니"
    ],
    "victreebel": [
        "우츠보트"
    ],
    "vigoroth": [
        "발바로"
    ],
    "vikavolt": [
        "투구뿌논",
        "트그삐노ttt",
        "트그배노ttt"
    ],
    "vileplume": [
        "라플레시아"
    ],
    "virizion": [
        "비리디온"
    ],
    "vivillon": [
        "비비용"
    ],
    "volbeat": [
        "볼비트"
    ],
    "volcanion": [
        "볼케니온"
    ],
    "volcarona": [
        "불카모스"
    ],
    "voltorb": [
        "찌리리공"
    ],
    "vullaby": [
        "벌차이"
    ],
    "vulpix": [
        "식스테일"
    ],
    "wailmer": [
        "고래왕자"
    ],
    "wailord": [
        "고래왕"
    ],
    "walrein": [
        "씨카이저"
    ],
    "wartortle": [
        "어니부기"
    ],
    "watchog": [
        "보르그"
    ],
    "weavile": [
        "포푸니라"
    ],
    "weedle": [
        "뿔충이"
    ],
    "weepinbell": [
        "우츠동"
    ],
    "weezing": [
        "또도가스"
    ],
    "whimsicott": [
        "엘풍",
        "엔프른"
    ],
    "whirlipede": [
        "휠구",
        "회그른",
        "회그르7"
    ],
    "whiscash": [
        "메깅"
    ],
    "whismur": [
        "소곤룡"
    ],
    "wigglytuff": [
        "푸크린"
    ],
    "wimpod": [
        "꼬시레"
    ],
    "wingull": [
        "갈모매"
    ],
    "wishiwashi": [
        "약어리"
    ],
    "wobbuffet": [
        "마자용"
    ],
    "woobat": [
        "또르박쥐"
    ],
    "wooloo": [
        "우르"
    ],
    "wooper": [
        "우파"
    ],
    "wormadam": [
        "도롱마담"
    ],
    "wurmple": [
        "개무소"
    ],
    "wynaut": [
        "마자"
    ],
    "xatu": [
        "네이티오"
    ],
    "xerneas": [
        "제르네아스"
    ],
    "xurkitree": [
        "전수목"
    ],
    "yamask": [
        "데스마스"
    ],
    "yamper": [
        "멍파치"
    ],
    "yanma": [
        "왕자리"
    ],
    "yanmega": [
        "메가자리"
    ],
    "yungoos": [
        "영구스"
    ],
    "yveltal": [
        "이벨타르"
    ],
    "zacian": [
        "자시안"
    ],
    "zamazenta": [
        "자마젠타"
    ],
    "zangoose": [
        "쟝고"
    ],
    "zapdos": [
        "썬더"
    ],
    "zarude": [
        "자루도"
    ],
    "zebstrika": [
        "제브라이카"
    ],
    "zekrom": [
        "제크로무"
    ],
    "zeraora": [
        "제라오라"
    ],
    "zigzagoon": [
        "지그제구리"
    ],
    "zoroark": [
        "조로아크"
    ],
    "zorua": [
        "조로아"
    ],
    "zubat": [
        "주뱃"
    ],
    "zweilous": [
        "디헤드"
    ],
    "zygarde": [
        "지가르데"
    ]
}
