﻿{
    "abomasnow": [
        "Abomasnow"
    ],
    "abra": [
        "Abra"
    ],
    "absol": [
        "Absol"
    ],
    "accelgor": [
        "Accelgor"
    ],
    "aegislash": [
        "Aegislash"
    ],
    "aerodactyl": [
        "Aerodactyl"
    ],
    "aggron": [
        "Aggron"
    ],
    "aipom": [
        "Aipom"
    ],
    "alakazam": [
        "Alakazam"
    ],
    "alcremie": [
        "Alcremie"
    ],
    "alomomola": [
        "Alomomola"
    ],
    "altaria": [
        "Altaria"
    ],
    "amaura": [
        "Amaura"
    ],
    "ambipom": [
        "Ambipom"
    ],
    "amoonguss": [
        "Amoonguss"
    ],
    "ampharos": [
        "Ampharos"
    ],
    "anorith": [
        "Anorith"
    ],
    "appletun": [
        "Appletun"
    ],
    "applin": [
        "Applin"
    ],
    "araquanid": [
        "Araquanid"
    ],
    "arbok": [
        "Arbok"
    ],
    "arcanine": [
        "Arcanine"
    ],
    "arceus": [
        "Arceus"
    ],
    "archen": [
        "Archen"
    ],
    "archeops": [
        "Archeops"
    ],
    "arctovish": [
        "Arctovish"
    ],
    "arctozolt": [
        "Arctozolt"
    ],
    "ariados": [
        "Ariados"
    ],
    "armaldo": [
        "Armaldo"
    ],
    "aromatisse": [
        "Aromatisse"
    ],
    "aron": [
        "Aron"
    ],
    "arrokuda": [
        "Arrokuda"
    ],
    "articuno": [
        "Articuno"
    ],
    "audino": [
        "Audino"
    ],
    "aurorus": [
        "Aurorus"
    ],
    "avalugg": [
        "Avalugg"
    ],
    "axew": [
        "Axew"
    ],
    "azelf": [
        "Azelf"
    ],
    "azumarill": [
        "Azumarill"
    ],
    "azurill": [
        "Azurill"
    ],
    "bagon": [
        "Bagon"
    ],
    "baltoy": [
        "Baltoy"
    ],
    "banette": [
        "Banette"
    ],
    "barbaracle": [
        "Barbaracle"
    ],
    "barboach": [
        "Barboach"
    ],
    "barraskewda": [
        "Barraskewda"
    ],
    "basculin": [
        "Basculin"
    ],
    "bastiodon": [
        "Bastiodon"
    ],
    "bayleef": [
        "Bayleef"
    ],
    "beartic": [
        "Beartic"
    ],
    "beautifly": [
        "Beautifly"
    ],
    "beedrill": [
        "Beedrill"
    ],
    "beheeyem": [
        "Beheeyem"
    ],
    "beldum": [
        "Beldum"
    ],
    "bellossom": [
        "Bellossom"
    ],
    "bellsprout": [
        "Bellsprout"
    ],
    "bergmite": [
        "Bergmite"
    ],
    "bewear": [
        "Bewear"
    ],
    "bibarel": [
        "Bibarel"
    ],
    "bidoof": [
        "Bidoof"
    ],
    "binacle": [
        "Binacle"
    ],
    "bisharp": [
        "Bisharp"
    ],
    "blacephalon": [
        "Blacephalon"
    ],
    "blastoise": [
        "Blastoise"
    ],
    "blaziken": [
        "Blaziken"
    ],
    "blipbug": [
        "Blipbug"
    ],
    "blissey": [
        "Blissey"
    ],
    "blitzle": [
        "Blitzle"
    ],
    "boldore": [
        "Boldore"
    ],
    "boltund": [
        "Boltund"
    ],
    "bonsly": [
        "Bonsly"
    ],
    "bouffalant": [
        "Bouffalant"
    ],
    "bounsweet": [
        "Bounsweet"
    ],
    "braixen": [
        "Braixen"
    ],
    "braviary": [
        "Braviary"
    ],
    "breloom": [
        "Breloom"
    ],
    "brionne": [
        "Brionne"
    ],
    "bronzong": [
        "Bronzong"
    ],
    "bronzor": [
        "Bronzor"
    ],
    "bruxish": [
        "Bruxish"
    ],
    "budew": [
        "Budew"
    ],
    "buizel": [
        "Buizel"
    ],
    "bulbasaur": [
        "Bulbasaur"
    ],
    "buneary": [
        "Buneary"
    ],
    "bunnelby": [
        "Bunnelby"
    ],
    "burmy": [
        "Burmy"
    ],
    "butterfree": [
        "Butterfree"
    ],
    "buzzwole": [
        "Buzzwole"
    ],
    "cacnea": [
        "Cacnea"
    ],
    "cacturne": [
        "Cacturne"
    ],
    "calyrex": [
        "Calyrex"
    ],
    "camerupt": [
        "Camerupt"
    ],
    "carbink": [
        "Carbink"
    ],
    "carkol": [
        "Carkol"
    ],
    "carnivine": [
        "Carnivine"
    ],
    "carracosta": [
        "Carracosta"
    ],
    "carvanha": [
        "Carvanha"
    ],
    "cascoon": [
        "Cascoon"
    ],
    "castform": [
        "Castform"
    ],
    "caterpie": [
        "Caterpie"
    ],
    "celebi": [
        "Celebi"
    ],
    "celesteela": [
        "Celesteela"
    ],
    "centiskorch": [
        "Centiskorch"
    ],
    "chandelure": [
        "Chandelure"
    ],
    "chansey": [
        "Chansey"
    ],
    "charizard": [
        "Charizard"
    ],
    "charjabug": [
        "Charjabug"
    ],
    "charmander": [
        "Charmander"
    ],
    "charmeleon": [
        "Charmeleon"
    ],
    "chatot": [
        "Chatot"
    ],
    "cherrim": [
        "Cherrim"
    ],
    "cherubi": [
        "Cherubi"
    ],
    "chesnaught": [
        "Chesnaught"
    ],
    "chespin": [
        "Chespin"
    ],
    "chewtle": [
        "Chewtle"
    ],
    "chikorita": [
        "Chikorita"
    ],
    "chimchar": [
        "Chimchar"
    ],
    "chimecho": [
        "Chimecho"
    ],
    "chinchou": [
        "Chinchou"
    ],
    "chingling": [
        "Chingling"
    ],
    "cinccino": [
        "Cinccino"
    ],
    "cinderace": [
        "Cinderace"
    ],
    "clamperl": [
        "Clamperl"
    ],
    "clauncher": [
        "Clauncher"
    ],
    "clawitzer": [
        "Clawitzer"
    ],
    "claydol": [
        "Claydol"
    ],
    "clefable": [
        "Clefable"
    ],
    "clefairy": [
        "Clefairy"
    ],
    "cleffa": [
        "Cleffa"
    ],
    "clobbopus": [
        "Clobbopus"
    ],
    "cloyster": [
        "Cloyster"
    ],
    "coalossal": [
        "Coalossal"
    ],
    "cobalion": [
        "Cobalion"
    ],
    "cofagrigus": [
        "Cofagrigus"
    ],
    "combee": [
        "Combee"
    ],
    "combusken": [
        "Combusken"
    ],
    "comfey": [
        "Comfey"
    ],
    "conkeldurr": [
        "Conkeldurr"
    ],
    "copperajah": [
        "Copperajah"
    ],
    "corphish": [
        "Corphish"
    ],
    "corsola": [
        "Corsola"
    ],
    "corviknight": [
        "Corviknight"
    ],
    "corvisquire": [
        "Corvisquire"
    ],
    "cosmoem": [
        "Cosmoem"
    ],
    "cosmog": [
        "Cosmog"
    ],
    "cottonee": [
        "Cottonee"
    ],
    "crabominable": [
        "Crabominable"
    ],
    "crabrawler": [
        "Crabrawler"
    ],
    "cradily": [
        "Cradily"
    ],
    "cramorant": [
        "Cramorant"
    ],
    "cranidos": [
        "Cranidos"
    ],
    "crawdaunt": [
        "Crawdaunt"
    ],
    "cresselia": [
        "Cresselia"
    ],
    "croagunk": [
        "Croagunk"
    ],
    "crobat": [
        "Crobat"
    ],
    "croconaw": [
        "Croconaw"
    ],
    "crustle": [
        "Crustle"
    ],
    "cryogonal": [
        "Cryogonal"
    ],
    "cubchoo": [
        "Cubchoo"
    ],
    "cubone": [
        "Cubone"
    ],
    "cufant": [
        "Cufant"
    ],
    "cursola": [
        "Cursola"
    ],
    "cutiefly": [
        "Cutiefly"
    ],
    "cyndaquil": [
        "Cyndaquil"
    ],
    "darkrai": [
        "Darkrai"
    ],
    "darmanitan": [
        "Darmanitan"
    ],
    "dartrix": [
        "Dartrix"
    ],
    "darumaka": [
        "Darumaka"
    ],
    "decidueye": [
        "Decidueye"
    ],
    "dedenne": [
        "Dedenne"
    ],
    "deerling": [
        "Deerling"
    ],
    "deino": [
        "Deino"
    ],
    "delcatty": [
        "Delcatty"
    ],
    "delibird": [
        "Delibird"
    ],
    "delphox": [
        "Delphox"
    ],
    "deoxys": [
        "Deoxys"
    ],
    "dewgong": [
        "Dewgong"
    ],
    "dewott": [
        "Dewott"
    ],
    "dewpider": [
        "Dewpider"
    ],
    "dhelmise": [
        "Dhelmise"
    ],
    "dialga": [
        "Dialga"
    ],
    "diancie": [
        "Diancie"
    ],
    "diggersby": [
        "Diggersby"
    ],
    "diglett": [
        "Diglett"
    ],
    "ditto": [
        "Ditto"
    ],
    "dodrio": [
        "Dodrio"
    ],
    "doduo": [
        "Doduo"
    ],
    "donphan": [
        "Donphan"
    ],
    "dottler": [
        "Dottler"
    ],
    "doublade": [
        "Doublade"
    ],
    "dracovish": [
        "Dracovish"
    ],
    "dracozolt": [
        "Dracozolt"
    ],
    "dragalge": [
        "Dragalge"
    ],
    "dragapult": [
        "Dragapult"
    ],
    "dragonair": [
        "Dragonair"
    ],
    "dragonite": [
        "Dragonite"
    ],
    "drakloak": [
        "Drakloak"
    ],
    "drampa": [
        "Drampa"
    ],
    "drapion": [
        "Drapion"
    ],
    "dratini": [
        "Dratini"
    ],
    "drednaw": [
        "Drednaw"
    ],
    "dreepy": [
        "Dreepy"
    ],
    "drifblim": [
        "Drifblim"
    ],
    "drifloon": [
        "Drifloon"
    ],
    "drilbur": [
        "Drilbur"
    ],
    "drizzile": [
        "Drizzile"
    ],
    "drowzee": [
        "Drowzee"
    ],
    "druddigon": [
        "Druddigon"
    ],
    "dubwool": [
        "Dubwool"
    ],
    "ducklett": [
        "Ducklett"
    ],
    "dugtrio": [
        "Dugtrio"
    ],
    "dunsparce": [
        "Dunsparce"
    ],
    "duosion": [
        "Duosion"
    ],
    "duraludon": [
        "Duraludon"
    ],
    "durant": [
        "Durant"
    ],
    "dusclops": [
        "Dusclops"
    ],
    "dusknoir": [
        "Dusknoir"
    ],
    "duskull": [
        "Duskull"
    ],
    "dustox": [
        "Dustox"
    ],
    "dwebble": [
        "Dwebble"
    ],
    "eelektrik": [
        "Eelektrik"
    ],
    "eelektross": [
        "Eelektross"
    ],
    "eevee": [
        "Eevee"
    ],
    "eiscue": [
        "Eiscue"
    ],
    "ekans": [
        "Ekans"
    ],
    "eldegoss": [
        "Eldegoss"
    ],
    "electabuzz": [
        "Electabuzz"
    ],
    "electivire": [
        "Electivire"
    ],
    "electrike": [
        "Electrike"
    ],
    "electrode": [
        "Electrode"
    ],
    "elekid": [
        "Elekid"
    ],
    "elgyem": [
        "Elgyem"
    ],
    "emboar": [
        "Emboar"
    ],
    "emolga": [
        "Emolga"
    ],
    "empoleon": [
        "Empoleon"
    ],
    "entei": [
        "Entei"
    ],
    "escavalier": [
        "Escavalier"
    ],
    "espeon": [
        "Espeon"
    ],
    "espurr": [
        "Espurr"
    ],
    "eternatus": [
        "Eternatus"
    ],
    "excadrill": [
        "Excadrill"
    ],
    "exeggcute": [
        "Exeggcute"
    ],
    "exeggutor": [
        "Exeggutor"
    ],
    "exploud": [
        "Exploud"
    ],
    "falinks": [
        "Falinks"
    ],
    "farfetch-d": [
        "Farfetch’d"
    ],
    "fearow": [
        "Fearow"
    ],
    "feebas": [
        "Feebas"
    ],
    "fennekin": [
        "Fennekin"
    ],
    "feraligatr": [
        "Feraligatr"
    ],
    "ferroseed": [
        "Ferroseed"
    ],
    "ferrothorn": [
        "Ferrothorn"
    ],
    "finneon": [
        "Finneon"
    ],
    "flaaffy": [
        "Flaaffy"
    ],
    "flabebe": [
        "Flabébé"
    ],
    "flapple": [
        "Flapple"
    ],
    "flareon": [
        "Flareon"
    ],
    "fletchinder": [
        "Fletchinder"
    ],
    "fletchling": [
        "Fletchling"
    ],
    "floatzel": [
        "Floatzel"
    ],
    "floette": [
        "Floette"
    ],
    "florges": [
        "Florges"
    ],
    "flygon": [
        "Flygon"
    ],
    "fomantis": [
        "Fomantis"
    ],
    "foongus": [
        "Foongus"
    ],
    "forretress": [
        "Forretress"
    ],
    "fraxure": [
        "Fraxure"
    ],
    "frillish": [
        "Frillish"
    ],
    "froakie": [
        "Froakie"
    ],
    "frogadier": [
        "Frogadier"
    ],
    "froslass": [
        "Froslass"
    ],
    "frosmoth": [
        "Frosmoth"
    ],
    "furfrou": [
        "Furfrou"
    ],
    "furret": [
        "Furret"
    ],
    "gabite": [
        "Gabite"
    ],
    "gallade": [
        "Gallade"
    ],
    "galvantula": [
        "Galvantula"
    ],
    "garbodor": [
        "Garbodor"
    ],
    "garchomp": [
        "Garchomp"
    ],
    "gardevoir": [
        "Gardevoir"
    ],
    "gastly": [
        "Gastly"
    ],
    "gastrodon": [
        "Gastrodon"
    ],
    "genesect": [
        "Genesect"
    ],
    "gengar": [
        "Gengar"
    ],
    "geodude": [
        "Geodude"
    ],
    "gible": [
        "Gible"
    ],
    "gigalith": [
        "Gigalith"
    ],
    "girafarig": [
        "Girafarig"
    ],
    "giratina": [
        "Giratina"
    ],
    "glaceon": [
        "Glaceon"
    ],
    "glalie": [
        "Glalie"
    ],
    "glameow": [
        "Glameow"
    ],
    "glastrier": [
        "Glastrier"
    ],
    "gligar": [
        "Gligar"
    ],
    "gliscor": [
        "Gliscor"
    ],
    "gloom": [
        "Gloom"
    ],
    "gogoat": [
        "Gogoat"
    ],
    "golbat": [
        "Golbat"
    ],
    "goldeen": [
        "Goldeen"
    ],
    "golduck": [
        "Golduck"
    ],
    "golem": [
        "Golem"
    ],
    "golett": [
        "Golett"
    ],
    "golisopod": [
        "Golisopod"
    ],
    "golurk": [
        "Golurk"
    ],
    "goodra": [
        "Goodra"
    ],
    "goomy": [
        "Goomy"
    ],
    "gorebyss": [
        "Gorebyss"
    ],
    "gossifleur": [
        "Gossifleur"
    ],
    "gothita": [
        "Gothita"
    ],
    "gothitelle": [
        "Gothitelle"
    ],
    "gothorita": [
        "Gothorita"
    ],
    "gourgeist": [
        "Gourgeist"
    ],
    "granbull": [
        "Granbull"
    ],
    "grapploct": [
        "Grapploct"
    ],
    "graveler": [
        "Graveler"
    ],
    "greedent": [
        "Greedent"
    ],
    "greninja": [
        "Greninja"
    ],
    "grimer": [
        "Grimer"
    ],
    "grimmsnarl": [
        "Grimmsnarl"
    ],
    "grookey": [
        "Grookey"
    ],
    "grotle": [
        "Grotle"
    ],
    "groudon": [
        "Groudon"
    ],
    "grovyle": [
        "Grovyle"
    ],
    "growlithe": [
        "Growlithe"
    ],
    "grubbin": [
        "Grubbin"
    ],
    "grumpig": [
        "Grumpig"
    ],
    "gulpin": [
        "Gulpin"
    ],
    "gumshoos": [
        "Gumshoos"
    ],
    "gurdurr": [
        "Gurdurr"
    ],
    "guzzlord": [
        "Guzzlord"
    ],
    "gyarados": [
        "Gyarados"
    ],
    "hakamo-o": [
        "Hakamo-o"
    ],
    "happiny": [
        "Happiny"
    ],
    "hariyama": [
        "Hariyama"
    ],
    "hatenna": [
        "Hatenna"
    ],
    "hatterene": [
        "Hatterene"
    ],
    "hattrem": [
        "Hattrem"
    ],
    "haunter": [
        "Haunter"
    ],
    "hawlucha": [
        "Hawlucha"
    ],
    "haxorus": [
        "Haxorus"
    ],
    "heatmor": [
        "Heatmor"
    ],
    "heatran": [
        "Heatran"
    ],
    "heliolisk": [
        "Heliolisk"
    ],
    "helioptile": [
        "Helioptile"
    ],
    "heracross": [
        "Heracross"
    ],
    "herdier": [
        "Herdier"
    ],
    "hippopotas": [
        "Hippopotas"
    ],
    "hippowdon": [
        "Hippowdon"
    ],
    "hitmonchan": [
        "Hitmonchan"
    ],
    "hitmonlee": [
        "Hitmonlee"
    ],
    "hitmontop": [
        "Hitmontop"
    ],
    "ho-oh": [
        "Ho-Oh"
    ],
    "honchkrow": [
        "Honchkrow"
    ],
    "honedge": [
        "Honedge"
    ],
    "hoopa": [
        "Hoopa"
    ],
    "hoothoot": [
        "Hoothoot"
    ],
    "hoppip": [
        "Hoppip"
    ],
    "horsea": [
        "Horsea"
    ],
    "houndoom": [
        "Houndoom"
    ],
    "houndour": [
        "Houndour"
    ],
    "huntail": [
        "Huntail"
    ],
    "hydreigon": [
        "Hydreigon"
    ],
    "hypno": [
        "Hypno"
    ],
    "igglybuff": [
        "Igglybuff"
    ],
    "illumise": [
        "Illumise"
    ],
    "impidimp": [
        "Impidimp"
    ],
    "incineroar": [
        "Incineroar"
    ],
    "indeedee": [
        "Indeedee"
    ],
    "infernape": [
        "Infernape"
    ],
    "inkay": [
        "Inkay"
    ],
    "inteleon": [
        "Inteleon"
    ],
    "ivysaur": [
        "Ivysaur"
    ],
    "jangmo-o": [
        "Jangmo-o"
    ],
    "jellicent": [
        "Jellicent"
    ],
    "jigglypuff": [
        "Jigglypuff"
    ],
    "jirachi": [
        "Jirachi"
    ],
    "jolteon": [
        "Jolteon"
    ],
    "joltik": [
        "Joltik"
    ],
    "jumpluff": [
        "Jumpluff"
    ],
    "jynx": [
        "Jynx"
    ],
    "kabuto": [
        "Kabuto"
    ],
    "kabutops": [
        "Kabutops"
    ],
    "kadabra": [
        "Kadabra"
    ],
    "kakuna": [
        "Kakuna"
    ],
    "kangaskhan": [
        "Kangaskhan"
    ],
    "karrablast": [
        "Karrablast"
    ],
    "kartana": [
        "Kartana"
    ],
    "kecleon": [
        "Kecleon"
    ],
    "keldeo": [
        "Keldeo"
    ],
    "kingdra": [
        "Kingdra"
    ],
    "kingler": [
        "Kingler"
    ],
    "kirlia": [
        "Kirlia"
    ],
    "klang": [
        "Klang"
    ],
    "klefki": [
        "Klefki"
    ],
    "klink": [
        "Klink"
    ],
    "klinklang": [
        "Klinklang"
    ],
    "koffing": [
        "Koffing"
    ],
    "komala": [
        "Komala"
    ],
    "kommo-o": [
        "Kommo-o"
    ],
    "krabby": [
        "Krabby"
    ],
    "kricketot": [
        "Kricketot"
    ],
    "kricketune": [
        "Kricketune"
    ],
    "krokorok": [
        "Krokorok"
    ],
    "krookodile": [
        "Krookodile"
    ],
    "kubfu": [
        "Kubfu"
    ],
    "kyogre": [
        "Kyogre"
    ],
    "kyurem": [
        "Kyurem"
    ],
    "lairon": [
        "Lairon"
    ],
    "lampent": [
        "Lampent"
    ],
    "landorus": [
        "Landorus"
    ],
    "lanturn": [
        "Lanturn"
    ],
    "lapras": [
        "Lapras"
    ],
    "larvesta": [
        "Larvesta"
    ],
    "larvitar": [
        "Larvitar"
    ],
    "latias": [
        "Latias"
    ],
    "latios": [
        "Latios"
    ],
    "leafeon": [
        "Leafeon"
    ],
    "leavanny": [
        "Leavanny"
    ],
    "ledian": [
        "Ledian"
    ],
    "ledyba": [
        "Ledyba"
    ],
    "lickilicky": [
        "Lickilicky"
    ],
    "lickitung": [
        "Lickitung"
    ],
    "liepard": [
        "Liepard"
    ],
    "lileep": [
        "Lileep"
    ],
    "lilligant": [
        "Lilligant"
    ],
    "lillipup": [
        "Lillipup"
    ],
    "linoone": [
        "Linoone"
    ],
    "litleo": [
        "Litleo"
    ],
    "litten": [
        "Litten"
    ],
    "litwick": [
        "Litwick"
    ],
    "lombre": [
        "Lombre"
    ],
    "lopunny": [
        "Lopunny"
    ],
    "lotad": [
        "Lotad"
    ],
    "loudred": [
        "Loudred"
    ],
    "lucario": [
        "Lucario"
    ],
    "ludicolo": [
        "Ludicolo"
    ],
    "lugia": [
        "Lugia"
    ],
    "lumineon": [
        "Lumineon"
    ],
    "lunala": [
        "Lunala"
    ],
    "lunatone": [
        "Lunatone"
    ],
    "lurantis": [
        "Lurantis"
    ],
    "luvdisc": [
        "Luvdisc"
    ],
    "luxio": [
        "Luxio"
    ],
    "luxray": [
        "Luxray"
    ],
    "lycanroc": [
        "Lycanroc"
    ],
    "machamp": [
        "Machamp"
    ],
    "machoke": [
        "Machoke"
    ],
    "machop": [
        "Machop"
    ],
    "magby": [
        "Magby"
    ],
    "magcargo": [
        "Magcargo"
    ],
    "magearna": [
        "Magearna"
    ],
    "magikarp": [
        "Magikarp"
    ],
    "magmar": [
        "Magmar"
    ],
    "magmortar": [
        "Magmortar"
    ],
    "magnemite": [
        "Magnemite"
    ],
    "magneton": [
        "Magneton"
    ],
    "magnezone": [
        "Magnezone"
    ],
    "makuhita": [
        "Makuhita"
    ],
    "malamar": [
        "Malamar"
    ],
    "mamoswine": [
        "Mamoswine"
    ],
    "manaphy": [
        "Manaphy"
    ],
    "mandibuzz": [
        "Mandibuzz"
    ],
    "manectric": [
        "Manectric"
    ],
    "mankey": [
        "Mankey"
    ],
    "mantine": [
        "Mantine"
    ],
    "mantyke": [
        "Mantyke"
    ],
    "maractus": [
        "Maractus"
    ],
    "mareanie": [
        "Mareanie"
    ],
    "mareep": [
        "Mareep"
    ],
    "marill": [
        "Marill"
    ],
    "marowak": [
        "Marowak"
    ],
    "marshadow": [
        "Marshadow"
    ],
    "marshtomp": [
        "Marshtomp"
    ],
    "masquerain": [
        "Masquerain"
    ],
    "mawile": [
        "Mawile",
        "manv11e"
    ],
    "medicham": [
        "Medicham"
    ],
    "meditite": [
        "Meditite"
    ],
    "meganium": [
        "Meganium"
    ],
    "melmetal": [
        "Melmetal"
    ],
    "meloetta": [
        "Meloetta"
    ],
    "meltan": [
        "Meltan"
    ],
    "meowstic": [
        "Meowstic"
    ],
    "meowth": [
        "Meowth"
    ],
    "mesprit": [
        "Mesprit"
    ],
    "metagross": [
        "Metagross"
    ],
    "metang": [
        "Metang"
    ],
    "metapod": [
        "Metapod"
    ],
    "mew": [
        "Mew"
    ],
    "mewtwo": [
        "Mewtwo"
    ],
    "mienfoo": [
        "Mienfoo"
    ],
    "mienshao": [
        "Mienshao"
    ],
    "mightyena": [
        "Mightyena"
    ],
    "milcery": [
        "Milcery"
    ],
    "milotic": [
        "Milotic"
    ],
    "miltank": [
        "Miltank"
    ],
    "mime-jr": [
        "Mime Jr."
    ],
    "mimikyu": [
        "Mimikyu"
    ],
    "minccino": [
        "Minccino"
    ],
    "minior": [
        "Minior"
    ],
    "minun": [
        "Minun"
    ],
    "misdreavus": [
        "Misdreavus"
    ],
    "mismagius": [
        "Mismagius"
    ],
    "moltres": [
        "Moltres"
    ],
    "monferno": [
        "Monferno"
    ],
    "morelull": [
        "Morelull"
    ],
    "morgrem": [
        "Morgrem"
    ],
    "morpeko": [
        "Morpeko"
    ],
    "mothim": [
        "Mothim"
    ],
    "mr-mime": [
        "Mr. Mime"
    ],
    "mr-rime": [
        "Mr. Rime"
    ],
    "mudbray": [
        "Mudbray"
    ],
    "mudkip": [
        "Mudkip"
    ],
    "mudsdale": [
        "Mudsdale"
    ],
    "muk": [
        "Muk"
    ],
    "munchlax": [
        "Munchlax"
    ],
    "munna": [
        "Munna"
    ],
    "murkrow": [
        "Murkrow"
    ],
    "musharna": [
        "Musharna"
    ],
    "naganadel": [
        "Naganadel"
    ],
    "natu": [
        "Natu"
    ],
    "necrozma": [
        "Necrozma"
    ],
    "nickit": [
        "Nickit"
    ],
    "nidoking": [
        "Nidoking"
    ],
    "nidoqueen": [
        "Nidoqueen"
    ],
    "nidoran-f": [
        "Nidoran♀"
    ],
    "nidoran-m": [
        "Nidoran♂"
    ],
    "nidorina": [
        "Nidorina"
    ],
    "nidorino": [
        "Nidorino"
    ],
    "nihilego": [
        "Nihilego"
    ],
    "nincada": [
        "Nincada"
    ],
    "ninetales": [
        "Ninetales"
    ],
    "ninjask": [
        "Ninjask"
    ],
    "noctowl": [
        "Noctowl"
    ],
    "noibat": [
        "Noibat"
    ],
    "noivern": [
        "Noivern"
    ],
    "nosepass": [
        "Nosepass"
    ],
    "numel": [
        "Numel"
    ],
    "nuzleaf": [
        "Nuzleaf"
    ],
    "obstagoon": [
        "Obstagoon"
    ],
    "octillery": [
        "Octillery"
    ],
    "oddish": [
        "Oddish"
    ],
    "omanyte": [
        "Omanyte"
    ],
    "omastar": [
        "Omastar"
    ],
    "onix": [
        "Onix"
    ],
    "oranguru": [
        "Oranguru"
    ],
    "orbeetle": [
        "Orbeetle"
    ],
    "oricorio": [
        "Oricorio"
    ],
    "oshawott": [
        "Oshawott"
    ],
    "pachirisu": [
        "Pachirisu"
    ],
    "palkia": [
        "Palkia"
    ],
    "palossand": [
        "Palossand"
    ],
    "palpitoad": [
        "Palpitoad"
    ],
    "pancham": [
        "Pancham"
    ],
    "pangoro": [
        "Pangoro"
    ],
    "panpour": [
        "Panpour"
    ],
    "pansage": [
        "Pansage"
    ],
    "pansear": [
        "Pansear"
    ],
    "paras": [
        "Paras"
    ],
    "parasect": [
        "Parasect"
    ],
    "passimian": [
        "Passimian"
    ],
    "patrat": [
        "Patrat"
    ],
    "pawniard": [
        "Pawniard"
    ],
    "pelipper": [
        "Pelipper"
    ],
    "perrserker": [
        "Perrserker"
    ],
    "persian": [
        "Persian"
    ],
    "petilil": [
        "Petilil"
    ],
    "phanpy": [
        "Phanpy"
    ],
    "phantump": [
        "Phantump"
    ],
    "pheromosa": [
        "Pheromosa"
    ],
    "phione": [
        "Phione"
    ],
    "pichu": [
        "Pichu"
    ],
    "pidgeot": [
        "Pidgeot"
    ],
    "pidgeotto": [
        "Pidgeotto"
    ],
    "pidgey": [
        "Pidgey"
    ],
    "pidove": [
        "Pidove"
    ],
    "pignite": [
        "Pignite"
    ],
    "pikachu": [
        "Pikachu"
    ],
    "pikipek": [
        "Pikipek"
    ],
    "piloswine": [
        "Piloswine"
    ],
    "pincurchin": [
        "Pincurchin"
    ],
    "pineco": [
        "Pineco"
    ],
    "pinsir": [
        "Pinsir"
    ],
    "piplup": [
        "Piplup"
    ],
    "plusle": [
        "Plusle"
    ],
    "poipole": [
        "Poipole"
    ],
    "politoed": [
        "Politoed"
    ],
    "poliwag": [
        "Poliwag"
    ],
    "poliwhirl": [
        "Poliwhirl"
    ],
    "poliwrath": [
        "Poliwrath"
    ],
    "polteageist": [
        "Polteageist"
    ],
    "ponyta": [
        "Ponyta"
    ],
    "poochyena": [
        "Poochyena"
    ],
    "popplio": [
        "Popplio"
    ],
    "porygon": [
        "Porygon"
    ],
    "porygon-z": [
        "Porygon-Z"
    ],
    "porygon2": [
        "Porygon2"
    ],
    "primarina": [
        "Primarina"
    ],
    "primeape": [
        "Primeape"
    ],
    "prinplup": [
        "Prinplup"
    ],
    "probopass": [
        "Probopass"
    ],
    "psyduck": [
        "Psyduck"
    ],
    "pumpkaboo": [
        "Pumpkaboo"
    ],
    "pupitar": [
        "Pupitar"
    ],
    "purrloin": [
        "Purrloin"
    ],
    "purugly": [
        "Purugly"
    ],
    "pyroar": [
        "Pyroar"
    ],
    "pyukumuku": [
        "Pyukumuku"
    ],
    "quagsire": [
        "Quagsire"
    ],
    "quilava": [
        "Quilava"
    ],
    "quilladin": [
        "Quilladin"
    ],
    "qwilfish": [
        "Qwilfish"
    ],
    "raboot": [
        "Raboot"
    ],
    "raichu": [
        "Raichu"
    ],
    "raikou": [
        "Raikou"
    ],
    "ralts": [
        "Ralts"
    ],
    "rampardos": [
        "Rampardos"
    ],
    "rapidash": [
        "Rapidash"
    ],
    "raticate": [
        "Raticate"
    ],
    "rattata": [
        "Rattata"
    ],
    "rayquaza": [
        "Rayquaza"
    ],
    "regice": [
        "Regice"
    ],
    "regidrago": [
        "Regidrago"
    ],
    "regieleki": [
        "Regieleki"
    ],
    "regigigas": [
        "Regigigas"
    ],
    "regirock": [
        "Regirock"
    ],
    "registeel": [
        "Registeel"
    ],
    "relicanth": [
        "Relicanth"
    ],
    "remoraid": [
        "Remoraid"
    ],
    "reshiram": [
        "Reshiram"
    ],
    "reuniclus": [
        "Reuniclus"
    ],
    "rhydon": [
        "Rhydon"
    ],
    "rhyhorn": [
        "Rhyhorn"
    ],
    "rhyperior": [
        "Rhyperior"
    ],
    "ribombee": [
        "Ribombee"
    ],
    "rillaboom": [
        "Rillaboom"
    ],
    "riolu": [
        "Riolu"
    ],
    "rockruff": [
        "Rockruff"
    ],
    "roggenrola": [
        "Roggenrola"
    ],
    "rolycoly": [
        "Rolycoly"
    ],
    "rookidee": [
        "Rookidee"
    ],
    "roselia": [
        "Roselia"
    ],
    "roserade": [
        "Roserade"
    ],
    "rotom": [
        "Rotom"
    ],
    "rowlet": [
        "Rowlet"
    ],
    "rufflet": [
        "Rufflet"
    ],
    "runerigus": [
        "Runerigus"
    ],
    "sableye": [
        "Sableye"
    ],
    "salamence": [
        "Salamence"
    ],
    "salandit": [
        "Salandit"
    ],
    "salazzle": [
        "Salazzle"
    ],
    "samurott": [
        "Samurott"
    ],
    "sandaconda": [
        "Sandaconda"
    ],
    "sandile": [
        "Sandile"
    ],
    "sandshrew": [
        "Sandshrew"
    ],
    "sandslash": [
        "Sandslash"
    ],
    "sandygast": [
        "Sandygast"
    ],
    "sawk": [
        "Sawk"
    ],
    "sawsbuck": [
        "Sawsbuck"
    ],
    "scatterbug": [
        "Scatterbug"
    ],
    "sceptile": [
        "Sceptile"
    ],
    "scizor": [
        "Scizor"
    ],
    "scolipede": [
        "Scolipede"
    ],
    "scorbunny": [
        "Scorbunny"
    ],
    "scrafty": [
        "Scrafty"
    ],
    "scraggy": [
        "Scraggy"
    ],
    "scyther": [
        "Scyther"
    ],
    "seadra": [
        "Seadra"
    ],
    "seaking": [
        "Seaking"
    ],
    "sealeo": [
        "Sealeo"
    ],
    "seedot": [
        "Seedot"
    ],
    "seel": [
        "Seel"
    ],
    "seismitoad": [
        "Seismitoad"
    ],
    "sentret": [
        "Sentret"
    ],
    "serperior": [
        "Serperior"
    ],
    "servine": [
        "Servine"
    ],
    "seviper": [
        "Seviper"
    ],
    "sewaddle": [
        "Sewaddle"
    ],
    "sharpedo": [
        "Sharpedo"
    ],
    "shaymin": [
        "Shaymin"
    ],
    "shedinja": [
        "Shedinja"
    ],
    "shelgon": [
        "Shelgon"
    ],
    "shellder": [
        "Shellder"
    ],
    "shellos": [
        "Shellos"
    ],
    "shelmet": [
        "Shelmet"
    ],
    "shieldon": [
        "Shieldon"
    ],
    "shiftry": [
        "Shiftry"
    ],
    "shiinotic": [
        "Shiinotic"
    ],
    "shinx": [
        "Shinx"
    ],
    "shroomish": [
        "Shroomish"
    ],
    "shuckle": [
        "Shuckle"
    ],
    "shuppet": [
        "Shuppet"
    ],
    "sigilyph": [
        "Sigilyph"
    ],
    "silcoon": [
        "Silcoon"
    ],
    "silicobra": [
        "Silicobra"
    ],
    "silvally": [
        "Silvally"
    ],
    "simipour": [
        "Simipour"
    ],
    "simisage": [
        "Simisage"
    ],
    "simisear": [
        "Simisear"
    ],
    "sinistea": [
        "Sinistea"
    ],
    "sirfetch-d": [
        "Sirfetch'd"
    ],
    "sizzlipede": [
        "Sizzlipede"
    ],
    "skarmory": [
        "Skarmory"
    ],
    "skiddo": [
        "Skiddo"
    ],
    "skiploom": [
        "Skiploom"
    ],
    "skitty": [
        "Skitty"
    ],
    "skorupi": [
        "Skorupi"
    ],
    "skrelp": [
        "Skrelp"
    ],
    "skuntank": [
        "Skuntank"
    ],
    "skwovet": [
        "Skwovet"
    ],
    "slaking": [
        "Slaking"
    ],
    "slakoth": [
        "Slakoth"
    ],
    "sliggoo": [
        "Sliggoo"
    ],
    "slowbro": [
        "Slowbro"
    ],
    "slowking": [
        "Slowking"
    ],
    "slowpoke": [
        "Slowpoke"
    ],
    "slugma": [
        "Slugma"
    ],
    "slurpuff": [
        "Slurpuff"
    ],
    "smeargle": [
        "Smeargle"
    ],
    "smoochum": [
        "Smoochum"
    ],
    "sneasel": [
        "Sneasel"
    ],
    "snivy": [
        "Snivy"
    ],
    "snom": [
        "Snom"
    ],
    "snorlax": [
        "Snorlax"
    ],
    "snorunt": [
        "Snorunt"
    ],
    "snover": [
        "Snover"
    ],
    "snubbull": [
        "Snubbull"
    ],
    "sobble": [
        "Sobble"
    ],
    "solgaleo": [
        "Solgaleo"
    ],
    "solosis": [
        "Solosis"
    ],
    "solrock": [
        "Solrock"
    ],
    "spearow": [
        "Spearow"
    ],
    "spectrier": [
        "Spectrier"
    ],
    "spewpa": [
        "Spewpa"
    ],
    "spheal": [
        "Spheal"
    ],
    "spinarak": [
        "Spinarak"
    ],
    "spinda": [
        "Spinda"
    ],
    "spiritomb": [
        "Spiritomb"
    ],
    "spoink": [
        "Spoink"
    ],
    "spritzee": [
        "Spritzee"
    ],
    "squirtle": [
        "Squirtle"
    ],
    "stakataka": [
        "Stakataka"
    ],
    "stantler": [
        "Stantler"
    ],
    "staraptor": [
        "Staraptor"
    ],
    "staravia": [
        "Staravia"
    ],
    "starly": [
        "Starly"
    ],
    "starmie": [
        "Starmie"
    ],
    "staryu": [
        "Staryu"
    ],
    "steelix": [
        "Steelix"
    ],
    "steenee": [
        "Steenee"
    ],
    "stonjourner": [
        "Stonjourner"
    ],
    "stoutland": [
        "Stoutland"
    ],
    "stufful": [
        "Stufful"
    ],
    "stunfisk": [
        "Stunfisk"
    ],
    "stunky": [
        "Stunky"
    ],
    "sudowoodo": [
        "Sudowoodo"
    ],
    "suicune": [
        "Suicune"
    ],
    "sunflora": [
        "Sunflora"
    ],
    "sunkern": [
        "Sunkern"
    ],
    "surskit": [
        "Surskit"
    ],
    "swablu": [
        "Swablu"
    ],
    "swadloon": [
        "Swadloon"
    ],
    "swalot": [
        "Swalot"
    ],
    "swampert": [
        "Swampert"
    ],
    "swanna": [
        "Swanna"
    ],
    "swellow": [
        "Swellow"
    ],
    "swinub": [
        "Swinub"
    ],
    "swirlix": [
        "Swirlix"
    ],
    "swoobat": [
        "Swoobat"
    ],
    "sylveon": [
        "Sylveon"
    ],
    "taillow": [
        "Taillow"
    ],
    "talonflame": [
        "Talonflame"
    ],
    "tangela": [
        "Tangela"
    ],
    "tangrowth": [
        "Tangrowth"
    ],
    "tapu-bulu": [
        "Tapu Bulu"
    ],
    "tapu-fini": [
        "Tapu Fini"
    ],
    "tapu-koko": [
        "Tapu Koko"
    ],
    "tapu-lele": [
        "Tapu Lele"
    ],
    "tauros": [
        "Tauros"
    ],
    "teddiursa": [
        "Teddiursa"
    ],
    "tentacool": [
        "Tentacool"
    ],
    "tentacruel": [
        "Tentacruel"
    ],
    "tepig": [
        "Tepig"
    ],
    "terrakion": [
        "Terrakion"
    ],
    "thievul": [
        "Thievul"
    ],
    "throh": [
        "Throh"
    ],
    "thundurus": [
        "Thundurus"
    ],
    "thwackey": [
        "Thwackey"
    ],
    "timburr": [
        "Timburr"
    ],
    "tirtouga": [
        "Tirtouga"
    ],
    "togedemaru": [
        "Togedemaru"
    ],
    "togekiss": [
        "Togekiss"
    ],
    "togepi": [
        "Togepi"
    ],
    "togetic": [
        "Togetic"
    ],
    "torchic": [
        "Torchic"
    ],
    "torkoal": [
        "Torkoal"
    ],
    "tornadus": [
        "Tornadus"
    ],
    "torracat": [
        "Torracat"
    ],
    "torterra": [
        "Torterra"
    ],
    "totodile": [
        "Totodile"
    ],
    "toucannon": [
        "Toucannon"
    ],
    "toxapex": [
        "Toxapex"
    ],
    "toxel": [
        "Toxel"
    ],
    "toxicroak": [
        "Toxicroak"
    ],
    "toxtricity": [
        "Toxtricity"
    ],
    "tranquill": [
        "Tranquill"
    ],
    "trapinch": [
        "Trapinch"
    ],
    "treecko": [
        "Treecko"
    ],
    "trevenant": [
        "Trevenant"
    ],
    "tropius": [
        "Tropius"
    ],
    "trubbish": [
        "Trubbish"
    ],
    "trumbeak": [
        "Trumbeak"
    ],
    "tsareena": [
        "Tsareena"
    ],
    "turtonator": [
        "Turtonator"
    ],
    "turtwig": [
        "Turtwig"
    ],
    "tympole": [
        "Tympole"
    ],
    "tynamo": [
        "Tynamo"
    ],
    "type-null": [
        "Tipo Zero"
    ],
    "typhlosion": [
        "Typhlosion"
    ],
    "tyranitar": [
        "Tyranitar"
    ],
    "tyrantrum": [
        "Tyrantrum"
    ],
    "tyrogue": [
        "Tyrogue"
    ],
    "tyrunt": [
        "Tyrunt"
    ],
    "umbreon": [
        "Umbreon"
    ],
    "unfezant": [
        "Unfezant"
    ],
    "unown": [
        "Unown"
    ],
    "ursaring": [
        "Ursaring"
    ],
    "urshifu": [
        "Urshifu"
    ],
    "uxie": [
        "Uxie"
    ],
    "vanillish": [
        "Vanillish"
    ],
    "vanillite": [
        "Vanillite"
    ],
    "vanilluxe": [
        "Vanilluxe"
    ],
    "vaporeon": [
        "Vaporeon"
    ],
    "venipede": [
        "Venipede"
    ],
    "venomoth": [
        "Venomoth"
    ],
    "venonat": [
        "Venonat"
    ],
    "venusaur": [
        "Venusaur"
    ],
    "vespiquen": [
        "Vespiquen"
    ],
    "vibrava": [
        "Vibrava"
    ],
    "victini": [
        "Victini"
    ],
    "victreebel": [
        "Victreebel"
    ],
    "vigoroth": [
        "Vigoroth"
    ],
    "vikavolt": [
        "Vikavolt"
    ],
    "vileplume": [
        "Vileplume"
    ],
    "virizion": [
        "Virizion"
    ],
    "vivillon": [
        "Vivillon"
    ],
    "volbeat": [
        "Volbeat"
    ],
    "volcanion": [
        "Volcanion"
    ],
    "volcarona": [
        "Volcarona"
    ],
    "voltorb": [
        "Voltorb"
    ],
    "vullaby": [
        "Vullaby"
    ],
    "vulpix": [
        "Vulpix"
    ],
    "wailmer": [
        "Wailmer"
    ],
    "wailord": [
        "Wailord"
    ],
    "walrein": [
        "Walrein"
    ],
    "wartortle": [
        "Wartortle"
    ],
    "watchog": [
        "Watchog"
    ],
    "weavile": [
        "Weavile"
    ],
    "weedle": [
        "Weedle"
    ],
    "weepinbell": [
        "Weepinbell"
    ],
    "weezing": [
        "Weezing"
    ],
    "whimsicott": [
        "Whimsicott"
    ],
    "whirlipede": [
        "Whirlipede"
    ],
    "whiscash": [
        "Whiscash"
    ],
    "whismur": [
        "Whismur"
    ],
    "wigglytuff": [
        "Wigglytuff"
    ],
    "wimpod": [
        "Wimpod"
    ],
    "wingull": [
        "Wingull"
    ],
    "wishiwashi": [
        "Wishiwashi"
    ],
    "wobbuffet": [
        "Wobbuffet"
    ],
    "woobat": [
        "Woobat"
    ],
    "wooloo": [
        "Wooloo"
    ],
    "wooper": [
        "Wooper"
    ],
    "wormadam": [
        "Wormadam"
    ],
    "wurmple": [
        "Wurmple"
    ],
    "wynaut": [
        "Wynaut"
    ],
    "xatu": [
        "Xatu"
    ],
    "xerneas": [
        "Xerneas"
    ],
    "xurkitree": [
        "Xurkitree"
    ],
    "yamask": [
        "Yamask"
    ],
    "yamper": [
        "Yamper"
    ],
    "yanma": [
        "Yanma"
    ],
    "yanmega": [
        "Yanmega"
    ],
    "yungoos": [
        "Yungoos"
    ],
    "yveltal": [
        "Yveltal"
    ],
    "zacian": [
        "Zacian"
    ],
    "zamazenta": [
        "Zamazenta"
    ],
    "zangoose": [
        "Zangoose"
    ],
    "zapdos": [
        "Zapdos"
    ],
    "zarude": [
        "Zarude"
    ],
    "zebstrika": [
        "Zebstrika"
    ],
    "zekrom": [
        "Zekrom"
    ],
    "zeraora": [
        "Zeraora"
    ],
    "zigzagoon": [
        "Zigzagoon"
    ],
    "zoroark": [
        "Zoroark"
    ],
    "zorua": [
        "Zorua"
    ],
    "zubat": [
        "Zubat"
    ],
    "zweilous": [
        "Zweilous"
    ],
    "zygarde": [
        "Zygarde"
    ]
}
