﻿{
    "abomasnow": [
        "暴雪王"
    ],
    "abra": [
        "凯西"
    ],
    "absol": [
        "阿勃梭鲁"
    ],
    "accelgor": [
        "敏捷虫"
    ],
    "aegislash": [
        "坚盾剑怪"
    ],
    "aerodactyl": [
        "化石翼龙"
    ],
    "aggron": [
        "波士可多拉"
    ],
    "aipom": [
        "长尾怪手"
    ],
    "alakazam": [
        "胡地"
    ],
    "alcremie": [
        "霜奶仙"
    ],
    "alomomola": [
        "保姆曼波"
    ],
    "altaria": [
        "七夕青鸟"
    ],
    "amaura": [
        "冰雪龙"
    ],
    "ambipom": [
        "双尾怪手"
    ],
    "amoonguss": [
        "败露球菇"
    ],
    "ampharos": [
        "电龙"
    ],
    "anorith": [
        "太古羽虫"
    ],
    "appletun": [
        "丰蜜龙"
    ],
    "applin": [
        "啃果虫"
    ],
    "araquanid": [
        "滴蛛霸"
    ],
    "arbok": [
        "阿柏怪"
    ],
    "arcanine": [
        "风速狗"
    ],
    "arceus": [
        "阿尔宙斯"
    ],
    "archen": [
        "始祖小鸟"
    ],
    "archeops": [
        "始祖大鸟"
    ],
    "arctovish": [
        "鳃鱼海兽"
    ],
    "arctozolt": [
        "雷鸟海兽"
    ],
    "ariados": [
        "阿利多斯"
    ],
    "armaldo": [
        "太古盔甲"
    ],
    "aromatisse": [
        "芳香精"
    ],
    "aron": [
        "可可多拉"
    ],
    "arrokuda": [
        "刺梭鱼"
    ],
    "articuno": [
        "急冻鸟"
    ],
    "audino": [
        "差不多娃娃"
    ],
    "aurorus": [
        "冰雪巨龙"
    ],
    "avalugg": [
        "冰岩怪",
        "冲宕怪"
    ],
    "axew": [
        "牙牙"
    ],
    "azelf": [
        "亚克诺姆"
    ],
    "azumarill": [
        "玛力露丽"
    ],
    "azurill": [
        "露力丽"
    ],
    "bagon": [
        "宝贝龙"
    ],
    "baltoy": [
        "天秤偶"
    ],
    "banette": [
        "诅咒娃娃"
    ],
    "barbaracle": [
        "龟足巨铠"
    ],
    "barboach": [
        "泥泥鰍"
    ],
    "barraskewda": [
        "戽斗尖梭"
    ],
    "basculin": [
        "野蛮鲈鱼"
    ],
    "bastiodon": [
        "护城龙"
    ],
    "bayleef": [
        "月桂叶"
    ],
    "beartic": [
        "冻原熊"
    ],
    "beautifly": [
        "狩猎凤蝶"
    ],
    "beedrill": [
        "大针蜂"
    ],
    "beheeyem": [
        "大宇怪"
    ],
    "beldum": [
        "铁哑铃"
    ],
    "bellossom": [
        "美丽花"
    ],
    "bellsprout": [
        "喇叭芽"
    ],
    "bergmite": [
        "冰宝",
        "冼宝"
    ],
    "bewear": [
        "穿着熊"
    ],
    "bibarel": [
        "大尾狸"
    ],
    "bidoof": [
        "大牙狸"
    ],
    "binacle": [
        "龟脚脚",
        "鱼脚腺"
    ],
    "bisharp": [
        "劈斩司令"
    ],
    "blacephalon": [
        "砰头小丑"
    ],
    "blastoise": [
        "水箭龟"
    ],
    "blaziken": [
        "火焰鸡"
    ],
    "blipbug": [
        "索侦虫"
    ],
    "blissey": [
        "幸福蛋"
    ],
    "blitzle": [
        "斑斑马"
    ],
    "boldore": [
        "地幔岩",
        "地幕定"
    ],
    "boltund": [
        "逐电犬"
    ],
    "bonsly": [
        "盆才怪"
    ],
    "bouffalant": [
        "爆炸头水牛"
    ],
    "bounsweet": [
        "甜竹竹"
    ],
    "braixen": [
        "长尾火狐"
    ],
    "braviary": [
        "勇士雄鹰"
    ],
    "breloom": [
        "斗笠菇"
    ],
    "brionne": [
        "花漾海狮"
    ],
    "bronzong": [
        "青铜钟"
    ],
    "bronzor": [
        "铜镜怪"
    ],
    "bruxish": [
        "磨牙彩皮鱼"
    ],
    "budew": [
        "含羞苞"
    ],
    "buizel": [
        "泳圈鼬"
    ],
    "bulbasaur": [
        "妙蛙种子"
    ],
    "buneary": [
        "卷卷耳"
    ],
    "bunnelby": [
        "掘掘兔",
        "掘据免"
    ],
    "burmy": [
        "结草儿"
    ],
    "butterfree": [
        "巴大蝶"
    ],
    "buzzwole": [
        "爆肌蚊"
    ],
    "cacnea": [
        "刺球仙人掌"
    ],
    "cacturne": [
        "梦歌仙人掌"
    ],
    "calyrex": [
        "蕾冠王"
    ],
    "camerupt": [
        "喷火驼"
    ],
    "carbink": [
        "小碎钻"
    ],
    "carkol": [
        "大炭车"
    ],
    "carnivine": [
        "尖牙笼"
    ],
    "carracosta": [
        "肋骨海龟"
    ],
    "carvanha": [
        "利牙鱼"
    ],
    "cascoon": [
        "盾甲茧"
    ],
    "castform": [
        "飘浮泡泡"
    ],
    "caterpie": [
        "绿毛虫"
    ],
    "celebi": [
        "时拉比"
    ],
    "celesteela": [
        "铁火辉夜"
    ],
    "centiskorch": [
        "焚焰蚣",
        "焚焯蚩",
        "焦焰蛰",
        "茶焰蜈",
        "炬焰蜈"
    ],
    "chandelure": [
        "水晶灯火灵"
    ],
    "chansey": [
        "吉利蛋"
    ],
    "charizard": [
        "喷火龙"
    ],
    "charjabug": [
        "虫电宝"
    ],
    "charmander": [
        "小火龙"
    ],
    "charmeleon": [
        "火恐龙"
    ],
    "chatot": [
        "聒噪鸟"
    ],
    "cherrim": [
        "樱花儿"
    ],
    "cherubi": [
        "樱花宝"
    ],
    "chesnaught": [
        "布里卡隆"
    ],
    "chespin": [
        "哈力栗"
    ],
    "chewtle": [
        "咬咬龟"
    ],
    "chikorita": [
        "菊草叶"
    ],
    "chimchar": [
        "小火焰猴"
    ],
    "chimecho": [
        "风铃铃"
    ],
    "chinchou": [
        "灯笼鱼"
    ],
    "chingling": [
        "铃铛响"
    ],
    "cinccino": [
        "奇诺栗鼠"
    ],
    "cinderace": [
        "闪焰王牌"
    ],
    "clamperl": [
        "珍珠贝"
    ],
    "clauncher": [
        "铁臂枪虾"
    ],
    "clawitzer": [
        "钢炮臂虾"
    ],
    "claydol": [
        "念力土偶"
    ],
    "clefable": [
        "皮可西"
    ],
    "clefairy": [
        "皮皮"
    ],
    "cleffa": [
        "皮宝宝"
    ],
    "clobbopus": [
        "拳拳蛸"
    ],
    "cloyster": [
        "刺甲贝"
    ],
    "coalossal": [
        "巨炭山"
    ],
    "cobalion": [
        "勾帕路翁"
    ],
    "cofagrigus": [
        "死神棺",
        "迭失校",
        "迭失棺"
    ],
    "combee": [
        "三蜜蜂"
    ],
    "combusken": [
        "力壮鸡"
    ],
    "comfey": [
        "花疗环环"
    ],
    "conkeldurr": [
        "修建老匠"
    ],
    "copperajah": [
        "大王铜象"
    ],
    "corphish": [
        "龙虾小兵"
    ],
    "corsola": [
        "太阳珊瑚"
    ],
    "corviknight": [
        "钢铠鸦",
        "钢铭狄"
    ],
    "corvisquire": [
        "蓝鸦"
    ],
    "cosmoem": [
        "科斯莫姆"
    ],
    "cosmog": [
        "科斯莫古"
    ],
    "cottonee": [
        "木棉球"
    ],
    "crabominable": [
        "好胜毛蟹"
    ],
    "crabrawler": [
        "好胜蟹"
    ],
    "cradily": [
        "摇篮百合"
    ],
    "cramorant": [
        "古月鸟"
    ],
    "cranidos": [
        "头盖龙"
    ],
    "crawdaunt": [
        "铁螯龙虾"
    ],
    "cresselia": [
        "克雷色利亚"
    ],
    "croagunk": [
        "不良蛙"
    ],
    "crobat": [
        "叉字蝠",
        "叉守蝙"
    ],
    "croconaw": [
        "蓝鳄"
    ],
    "crustle": [
        "岩殿居蟹"
    ],
    "cryogonal": [
        "几何雪花"
    ],
    "cubchoo": [
        "喷嚏熊",
        "喷噻熙"
    ],
    "cubone": [
        "卡拉卡拉"
    ],
    "cufant": [
        "铜象"
    ],
    "cursola": [
        "魔灵珊瑚"
    ],
    "cutiefly": [
        "萌虻",
        "萍虹",
        "萌虹"
    ],
    "cyndaquil": [
        "火球鼠"
    ],
    "darkrai": [
        "达克莱伊"
    ],
    "darmanitan": [
        "达摩狒狒"
    ],
    "dartrix": [
        "投羽枭"
    ],
    "darumaka": [
        "火红不倒翁"
    ],
    "decidueye": [
        "狙射树枭"
    ],
    "dedenne": [
        "咚咚鼠",
        "咀咏景"
    ],
    "deerling": [
        "四季鹿"
    ],
    "deino": [
        "单首龙"
    ],
    "delcatty": [
        "优雅猫"
    ],
    "delibird": [
        "信使鸟"
    ],
    "delphox": [
        "妖火红狐"
    ],
    "deoxys": [
        "代欧奇希斯"
    ],
    "dewgong": [
        "白海狮"
    ],
    "dewott": [
        "双刃丸"
    ],
    "dewpider": [
        "滴蛛",
        "满蛛",
        "漾蛛"
    ],
    "dhelmise": [
        "破破舵轮"
    ],
    "dialga": [
        "帝牙卢卡"
    ],
    "diancie": [
        "蒂安希"
    ],
    "diggersby": [
        "掘地兔"
    ],
    "diglett": [
        "地鼠",
        "地晦"
    ],
    "ditto": [
        "百变怪"
    ],
    "dodrio": [
        "嘟嘟利"
    ],
    "doduo": [
        "嘟嘟"
    ],
    "donphan": [
        "顿甲"
    ],
    "dottler": [
        "天罩虫",
        "天卑中"
    ],
    "doublade": [
        "双剑鞘"
    ],
    "dracovish": [
        "鳃鱼龙"
    ],
    "dracozolt": [
        "雷鸟龙"
    ],
    "dragalge": [
        "毒藻龙"
    ],
    "dragapult": [
        "多龙巴鲁托"
    ],
    "dragonair": [
        "哈克龙"
    ],
    "dragonite": [
        "快龙"
    ],
    "drakloak": [
        "多龙奇"
    ],
    "drampa": [
        "老翁龙"
    ],
    "drapion": [
        "龙王蝎"
    ],
    "dratini": [
        "迷你龙"
    ],
    "drednaw": [
        "暴噬龟"
    ],
    "dreepy": [
        "多龙梅西亚"
    ],
    "drifblim": [
        "随风球"
    ],
    "drifloon": [
        "飘飘球"
    ],
    "drilbur": [
        "螺钉地鼠"
    ],
    "drizzile": [
        "变涩蜥"
    ],
    "drowzee": [
        "催眠貘"
    ],
    "druddigon": [
        "赤面龙"
    ],
    "dubwool": [
        "毛毛角羊"
    ],
    "ducklett": [
        "鸭宝宝"
    ],
    "dugtrio": [
        "三地鼠"
    ],
    "dunsparce": [
        "土龙弟弟"
    ],
    "duosion": [
        "双卵细胞球"
    ],
    "duraludon": [
        "铝钢龙"
    ],
    "durant": [
        "铁蚁",
        "铁蚤",
        "铁蚝",
        "铁虽"
    ],
    "dusclops": [
        "彷徨夜灵"
    ],
    "dusknoir": [
        "黑夜魔灵"
    ],
    "duskull": [
        "夜巡灵"
    ],
    "dustox": [
        "毒粉蛾"
    ],
    "dwebble": [
        "石居蟹"
    ],
    "eelektrik": [
        "麻麻鳗"
    ],
    "eelektross": [
        "麻麻鳗鱼王"
    ],
    "eevee": [
        "伊布",
        "侯布"
    ],
    "eiscue": [
        "冰砌鹅"
    ],
    "ekans": [
        "阿柏蛇"
    ],
    "eldegoss": [
        "白蓬蓬",
        "白蔡蔡"
    ],
    "electabuzz": [
        "电击兽"
    ],
    "electivire": [
        "电击魔兽"
    ],
    "electrike": [
        "落雷兽",
        "苔雨垮淦国言",
        "莹雨垮液国言"
    ],
    "electrode": [
        "顽皮雷弹"
    ],
    "elekid": [
        "电击怪"
    ],
    "elgyem": [
        "小灰怪"
    ],
    "emboar": [
        "炎武王"
    ],
    "emolga": [
        "电飞鼠"
    ],
    "empoleon": [
        "帝王拿波"
    ],
    "entei": [
        "炎帝"
    ],
    "escavalier": [
        "骑士蜗牛"
    ],
    "espeon": [
        "太阳伊布"
    ],
    "espurr": [
        "妙喵",
        "妙暗",
        "妙喹",
        "妙喃"
    ],
    "eternatus": [
        "无极汰那"
    ],
    "excadrill": [
        "龙头地鼠"
    ],
    "exeggcute": [
        "蛋蛋",
        "蛋蛊",
        "怡矶月驿",
        "蛟蛎",
        "志a口虫",
        "蛋蛎",
        "蛊蛊",
        "砂跋2",
        "e口虫"
    ],
    "exeggutor": [
        "椰蛋树"
    ],
    "exploud": [
        "爆音怪"
    ],
    "falinks": [
        "列阵兵"
    ],
    "farfetch-d": [
        "大葱鸭"
    ],
    "fearow": [
        "大嘴雀"
    ],
    "feebas": [
        "丑丑鱼"
    ],
    "fennekin": [
        "火狐狸"
    ],
    "feraligatr": [
        "大力鳄"
    ],
    "ferroseed": [
        "种子铁球"
    ],
    "ferrothorn": [
        "坚果哑铃"
    ],
    "finneon": [
        "荧光鱼"
    ],
    "flaaffy": [
        "茸茸羊"
    ],
    "flabebe": [
        "花蓓蓓"
    ],
    "flapple": [
        "苹裹龙"
    ],
    "flareon": [
        "火伊布",
        "火侯布"
    ],
    "fletchinder": [
        "火箭雀"
    ],
    "fletchling": [
        "小箭雀"
    ],
    "floatzel": [
        "浮潜鼬"
    ],
    "floette": [
        "花叶蒂"
    ],
    "florges": [
        "花洁夫人"
    ],
    "flygon": [
        "沙漠蜻蜓"
    ],
    "fomantis": [
        "伪螳草"
    ],
    "foongus": [
        "哎呀球菇"
    ],
    "forretress": [
        "佛烈托斯"
    ],
    "fraxure": [
        "斧牙龙"
    ],
    "frillish": [
        "轻飘飘"
    ],
    "froakie": [
        "呱呱泡蛙"
    ],
    "frogadier": [
        "呱头蛙"
    ],
    "froslass": [
        "雪妖女"
    ],
    "frosmoth": [
        "雪绒蛾"
    ],
    "furfrou": [
        "多丽米亚"
    ],
    "furret": [
        "大尾立"
    ],
    "gabite": [
        "尖牙陆鲨"
    ],
    "gallade": [
        "艾路雷朵"
    ],
    "galvantula": [
        "电蜘蛛"
    ],
    "garbodor": [
        "灰尘山"
    ],
    "garchomp": [
        "烈咬陆鲨"
    ],
    "gardevoir": [
        "沙奈朵",
        "泪忘坚少刁吏夕悚",
        "水坂木少刁藿7悚",
        "j怀土少刁刁"
    ],
    "gastly": [
        "鬼斯"
    ],
    "gastrodon": [
        "海兔兽"
    ],
    "genesect": [
        "盖诺赛克特"
    ],
    "gengar": [
        "耿鬼"
    ],
    "geodude": [
        "小拳石"
    ],
    "gible": [
        "圆陆鲨"
    ],
    "gigalith": [
        "庞岩怪"
    ],
    "girafarig": [
        "麒麟奇"
    ],
    "giratina": [
        "骑拉帝纳"
    ],
    "glaceon": [
        "冰伊布",
        "冲伊布",
        "冰侯布"
    ],
    "glalie": [
        "冰鬼护"
    ],
    "glameow": [
        "魅力喵"
    ],
    "glastrier": [
        "雪暴马"
    ],
    "gligar": [
        "天蝎"
    ],
    "gliscor": [
        "天蝎王"
    ],
    "gloom": [
        "臭臭花"
    ],
    "gogoat": [
        "坐骑山羊"
    ],
    "golbat": [
        "大嘴蝠",
        "大瞒蝙"
    ],
    "goldeen": [
        "角金鱼"
    ],
    "golduck": [
        "哥达鸭",
        "脖达鹄"
    ],
    "golem": [
        "隆隆岩"
    ],
    "golett": [
        "泥偶小人"
    ],
    "golisopod": [
        "具甲武者"
    ],
    "golurk": [
        "泥偶巨人"
    ],
    "goodra": [
        "黏美龙"
    ],
    "goomy": [
        "黏黏宝"
    ],
    "gorebyss": [
        "樱花鱼"
    ],
    "gossifleur": [
        "幼棉棉"
    ],
    "gothita": [
        "哥德宝宝",
        "命c司僳玉玉",
        "e伸心心可侯玉玉",
        "艺伯志心司僚玉玉"
    ],
    "gothitelle": [
        "哥德小姐"
    ],
    "gothorita": [
        "哥德小童"
    ],
    "gourgeist": [
        "南瓜怪人"
    ],
    "granbull": [
        "布鲁皇"
    ],
    "grapploct": [
        "八爪武师"
    ],
    "graveler": [
        "隆隆石"
    ],
    "greedent": [
        "藏饱栗鼠"
    ],
    "greninja": [
        "甲贺忍蛙"
    ],
    "grimer": [
        "臭泥"
    ],
    "grimmsnarl": [
        "长毛巨魔"
    ],
    "grookey": [
        "敲音猴"
    ],
    "grotle": [
        "树林龟"
    ],
    "groudon": [
        "固拉多"
    ],
    "grovyle": [
        "森林蜥蜴"
    ],
    "growlithe": [
        "卡蒂狗"
    ],
    "grubbin": [
        "强颚鸡母虫"
    ],
    "grumpig": [
        "噗噗猪"
    ],
    "gulpin": [
        "溶食兽"
    ],
    "gumshoos": [
        "猫鼬探长"
    ],
    "gurdurr": [
        "铁骨土人"
    ],
    "guzzlord": [
        "恶食大王"
    ],
    "gyarados": [
        "暴鲤龙"
    ],
    "hakamo-o": [
        "鳞甲龙"
    ],
    "happiny": [
        "小福蛋"
    ],
    "hariyama": [
        "铁掌力士"
    ],
    "hatenna": [
        "迷布莉姆"
    ],
    "hatterene": [
        "布莉姆温"
    ],
    "hattrem": [
        "提布莉姆"
    ],
    "haunter": [
        "鬼斯通"
    ],
    "hawlucha": [
        "摔角鹰人"
    ],
    "haxorus": [
        "双斧战龙"
    ],
    "heatmor": [
        "熔蚁兽"
    ],
    "heatran": [
        "席多蓝恩"
    ],
    "heliolisk": [
        "光电伞蜥"
    ],
    "helioptile": [
        "伞电蜥"
    ],
    "heracross": [
        "赫拉克罗斯"
    ],
    "herdier": [
        "哈约克"
    ],
    "hippopotas": [
        "沙河马"
    ],
    "hippowdon": [
        "河马兽"
    ],
    "hitmonchan": [
        "快拳郎"
    ],
    "hitmonlee": [
        "飞腿郎",
        "一腹郎",
        "一腮郎"
    ],
    "hitmontop": [
        "战舞郎"
    ],
    "ho-oh": [
        "凤王"
    ],
    "honchkrow": [
        "乌鸦头头"
    ],
    "honedge": [
        "独剑鞘"
    ],
    "hoopa": [
        "胡帕"
    ],
    "hoothoot": [
        "咕咕",
        "哇哚"
    ],
    "hoppip": [
        "毽子草"
    ],
    "horsea": [
        "墨海马"
    ],
    "houndoom": [
        "黑鲁加"
    ],
    "houndour": [
        "戴鲁比"
    ],
    "huntail": [
        "猎斑鱼"
    ],
    "hydreigon": [
        "三首恶龙"
    ],
    "hypno": [
        "引梦貘人"
    ],
    "igglybuff": [
        "宝宝丁"
    ],
    "illumise": [
        "甜甜萤"
    ],
    "impidimp": [
        "捣蛋小妖"
    ],
    "incineroar": [
        "炽焰咆哮虎"
    ],
    "indeedee": [
        "爱管侍"
    ],
    "infernape": [
        "烈焰猴"
    ],
    "inkay": [
        "好啦鱿"
    ],
    "inteleon": [
        "千面避役"
    ],
    "ivysaur": [
        "妙蛙草"
    ],
    "jangmo-o": [
        "心鳞宝"
    ],
    "jellicent": [
        "胖嘟嘟",
        "胖唉唉",
        "胖哪哪"
    ],
    "jigglypuff": [
        "胖丁"
    ],
    "jirachi": [
        "基拉祈"
    ],
    "jolteon": [
        "雷伊布"
    ],
    "joltik": [
        "电电虫"
    ],
    "jumpluff": [
        "毽子棉"
    ],
    "jynx": [
        "迷唇姐"
    ],
    "kabuto": [
        "化石盔"
    ],
    "kabutops": [
        "镰刀盔"
    ],
    "kadabra": [
        "勇基拉"
    ],
    "kakuna": [
        "铁壳蛹"
    ],
    "kangaskhan": [
        "袋兽",
        "伽埔伟氏",
        "1怡垮e",
        "ef",
        "1怡鲑必"
    ],
    "karrablast": [
        "盖盖虫",
        "盐盘个",
        "盘盖中",
        "盖盘中"
    ],
    "kartana": [
        "纸御剑"
    ],
    "kecleon": [
        "变隐龙"
    ],
    "keldeo": [
        "凯路迪欧"
    ],
    "kingdra": [
        "刺龙王"
    ],
    "kingler": [
        "巨钳蟹"
    ],
    "kirlia": [
        "奇鲁莉安"
    ],
    "klang": [
        "齿轮组"
    ],
    "klefki": [
        "钥圈儿"
    ],
    "klink": [
        "齿轮儿"
    ],
    "klinklang": [
        "齿轮怪"
    ],
    "koffing": [
        "瓦斯弹"
    ],
    "komala": [
        "树枕尾熊"
    ],
    "kommo-o": [
        "杖尾鳞甲龙"
    ],
    "krabby": [
        "大钳蟹"
    ],
    "kricketot": [
        "圆法师"
    ],
    "kricketune": [
        "音箱蟀"
    ],
    "krokorok": [
        "混混鳄",
        "二曰二曰色胆xebeb一与",
        "曰曰色四e1be1与"
    ],
    "krookodile": [
        "流氓鳄"
    ],
    "kubfu": [
        "熊徒弟"
    ],
    "kyogre": [
        "盖欧卡"
    ],
    "kyurem": [
        "酋雷姆"
    ],
    "lairon": [
        "可多拉"
    ],
    "lampent": [
        "灯火幽灵"
    ],
    "landorus": [
        "土地云"
    ],
    "lanturn": [
        "电灯怪"
    ],
    "lapras": [
        "拉普拉斯"
    ],
    "larvesta": [
        "燃烧虫"
    ],
    "larvitar": [
        "幼基拉斯"
    ],
    "latias": [
        "拉帝亚斯"
    ],
    "latios": [
        "拉帝欧斯"
    ],
    "leafeon": [
        "叶伊布",
        "叶侯布"
    ],
    "leavanny": [
        "保姆虫"
    ],
    "ledian": [
        "安瓢虫"
    ],
    "ledyba": [
        "芭瓢虫"
    ],
    "lickilicky": [
        "大舌舔"
    ],
    "lickitung": [
        "大舌头"
    ],
    "liepard": [
        "酷豹",
        "酷弛的",
        "酬网皂",
        "酶吊的"
    ],
    "lileep": [
        "触手百合"
    ],
    "lilligant": [
        "裙儿小姐",
        "褚川小姨"
    ],
    "lillipup": [
        "小约克"
    ],
    "linoone": [
        "直冲熊",
        "直冬熙"
    ],
    "litleo": [
        "小狮狮"
    ],
    "litten": [
        "火斑喵"
    ],
    "litwick": [
        "烛光灵"
    ],
    "lombre": [
        "莲帽小童"
    ],
    "lopunny": [
        "长耳兔"
    ],
    "lotad": [
        "莲叶童子"
    ],
    "loudred": [
        "吼爆弹"
    ],
    "lucario": [
        "路卡利欧"
    ],
    "ludicolo": [
        "乐天河童"
    ],
    "lugia": [
        "洛奇亚"
    ],
    "lumineon": [
        "霓虹鱼"
    ],
    "lunala": [
        "露奈雅拉"
    ],
    "lunatone": [
        "月石"
    ],
    "lurantis": [
        "兰螳花"
    ],
    "luvdisc": [
        "爱心鱼"
    ],
    "luxio": [
        "勒克猫"
    ],
    "luxray": [
        "伦琴猫"
    ],
    "lycanroc": [
        "鬃岩狼人"
    ],
    "machamp": [
        "怪力",
        "惺力"
    ],
    "machoke": [
        "豪力"
    ],
    "machop": [
        "腕力",
        "脖力"
    ],
    "magby": [
        "鸭嘴宝宝"
    ],
    "magcargo": [
        "熔岩蜗牛"
    ],
    "magearna": [
        "玛机雅娜"
    ],
    "magikarp": [
        "鲤鱼王"
    ],
    "magmar": [
        "鸭嘴火兽"
    ],
    "magmortar": [
        "鸭嘴炎兽"
    ],
    "magnemite": [
        "小磁怪"
    ],
    "magneton": [
        "三合一磁怪"
    ],
    "magnezone": [
        "自爆磁怪",
        "官熟碳怪"
    ],
    "makuhita": [
        "幕下力士"
    ],
    "malamar": [
        "乌贼王"
    ],
    "mamoswine": [
        "象牙猪"
    ],
    "manaphy": [
        "玛纳霏"
    ],
    "mandibuzz": [
        "秃鹰娜",
        "秀鸡娜"
    ],
    "manectric": [
        "雷电兽"
    ],
    "mankey": [
        "猴怪"
    ],
    "mantine": [
        "巨翅飞鱼"
    ],
    "mantyke": [
        "小球飞鱼"
    ],
    "maractus": [
        "沙铃仙人掌"
    ],
    "mareanie": [
        "好坏星"
    ],
    "mareep": [
        "咩利羊"
    ],
    "marill": [
        "玛力露"
    ],
    "marowak": [
        "嘎啦嘎啦"
    ],
    "marshadow": [
        "玛夏多"
    ],
    "marshtomp": [
        "沼躍鱼"
    ],
    "masquerain": [
        "雨翅蛾"
    ],
    "mawile": [
        "大嘴娃"
    ],
    "medicham": [
        "恰雷姆"
    ],
    "meditite": [
        "玛沙那"
    ],
    "meganium": [
        "大竺葵"
    ],
    "melmetal": [
        "美录梅塔"
    ],
    "meloetta": [
        "美洛耶塔"
    ],
    "meltan": [
        "美录坦"
    ],
    "meowstic": [
        "超能妙喵",
        "赶8能妙喹",
        "超能8妙喹"
    ],
    "meowth": [
        "喵喵",
        "善喘",
        "喘喉",
        "喃喉",
        "喹喉"
    ],
    "mesprit": [
        "艾姆利多"
    ],
    "metagross": [
        "巨金怪"
    ],
    "metang": [
        "金属怪"
    ],
    "metapod": [
        "铁甲蛹"
    ],
    "mew": [
        "梦幻"
    ],
    "mewtwo": [
        "超梦"
    ],
    "mienfoo": [
        "功夫鼬"
    ],
    "mienshao": [
        "师父鼬"
    ],
    "mightyena": [
        "大狼犬"
    ],
    "milcery": [
        "小仙奶"
    ],
    "milotic": [
        "美纳斯"
    ],
    "miltank": [
        "大奶罐"
    ],
    "mime-jr": [
        "魔尼尼"
    ],
    "mimikyu": [
        "谜拟Ｑ"
    ],
    "minccino": [
        "泡沫栗鼠"
    ],
    "minior": [
        "小陨星"
    ],
    "minun": [
        "負电拍拍"
    ],
    "misdreavus": [
        "梦妖"
    ],
    "mismagius": [
        "梦妖魔"
    ],
    "moltres": [
        "火焰鸟"
    ],
    "monferno": [
        "猛火猴"
    ],
    "morelull": [
        "睡睡菇"
    ],
    "morgrem": [
        "诈唬魔"
    ],
    "morpeko": [
        "莫鲁贝可"
    ],
    "mothim": [
        "绅士蛾"
    ],
    "mr-mime": [
        "魔墙人偶"
    ],
    "mr-rime": [
        "踏冰人偶"
    ],
    "mudbray": [
        "泥驴仔"
    ],
    "mudkip": [
        "水躍鱼"
    ],
    "mudsdale": [
        "重泥挽马"
    ],
    "muk": [
        "臭臭泥"
    ],
    "munchlax": [
        "小卡比兽"
    ],
    "munna": [
        "食梦梦"
    ],
    "murkrow": [
        "黑暗鸦"
    ],
    "musharna": [
        "梦梦蚀"
    ],
    "naganadel": [
        "四颚针龙"
    ],
    "natu": [
        "天然雀"
    ],
    "necrozma": [
        "奈克洛兹玛"
    ],
    "nickit": [
        "偷儿狐",
        "狡小狐",
        "痔小狐"
    ],
    "nidoking": [
        "尼多王"
    ],
    "nidoqueen": [
        "尼多后"
    ],
    "nidoran-f": [
        "尼多兰"
    ],
    "nidoran-m": [
        "尼多朗"
    ],
    "nidorina": [
        "尼多娜"
    ],
    "nidorino": [
        "尼多力诺"
    ],
    "nihilego": [
        "虛吾伊德"
    ],
    "nincada": [
        "土居忍士"
    ],
    "ninetales": [
        "九尾"
    ],
    "ninjask": [
        "铁面忍者"
    ],
    "noctowl": [
        "猫头夜鹰"
    ],
    "noibat": [
        "嗡蝠",
        "嗡蝙",
        "喉蝙",
        "喉蝴"
    ],
    "noivern": [
        "音波龙"
    ],
    "nosepass": [
        "朝北鼻"
    ],
    "numel": [
        "呆火驼"
    ],
    "nuzleaf": [
        "长鼻叶"
    ],
    "obstagoon": [
        "堵拦熊"
    ],
    "octillery": [
        "章鱼桶"
    ],
    "oddish": [
        "走路草"
    ],
    "omanyte": [
        "菊石兽"
    ],
    "omastar": [
        "多刺菊石兽"
    ],
    "onix": [
        "大岩蛇"
    ],
    "oranguru": [
        "智挥猩"
    ],
    "orbeetle": [
        "以欧路普"
    ],
    "oricorio": [
        "花舞鸟"
    ],
    "oshawott": [
        "水水獭"
    ],
    "pachirisu": [
        "帕奇利兹"
    ],
    "palkia": [
        "帕路奇亚"
    ],
    "palossand": [
        "噬沙堡爷"
    ],
    "palpitoad": [
        "蓝蟾蜍",
        "蓝蠕蜂"
    ],
    "pancham": [
        "顽皮熊猫"
    ],
    "pangoro": [
        "流氓熊猫",
        "霸道熊猎",
        "震道烨猎"
    ],
    "panpour": [
        "冷水猴"
    ],
    "pansage": [
        "花椰猴"
    ],
    "pansear": [
        "爆香猴"
    ],
    "paras": [
        "派拉斯"
    ],
    "parasect": [
        "派拉斯特"
    ],
    "passimian": [
        "投掷猴"
    ],
    "patrat": [
        "探探鼠"
    ],
    "pawniard": [
        "驹刀小兵"
    ],
    "pelipper": [
        "大嘴鸥"
    ],
    "perrserker": [
        "喵头目"
    ],
    "persian": [
        "猫老大"
    ],
    "petilil": [
        "百合根娃娃"
    ],
    "phanpy": [
        "小小象"
    ],
    "phantump": [
        "小木灵"
    ],
    "pheromosa": [
        "费洛美螂"
    ],
    "phione": [
        "霏欧纳"
    ],
    "pichu": [
        "皮丘"
    ],
    "pidgeot": [
        "大比鸟"
    ],
    "pidgeotto": [
        "比比鸟"
    ],
    "pidgey": [
        "波波"
    ],
    "pidove": [
        "豆豆鸽"
    ],
    "pignite": [
        "炒炒猪"
    ],
    "pikachu": [
        "皮卡丘"
    ],
    "pikipek": [
        "小笃儿"
    ],
    "piloswine": [
        "长毛猪"
    ],
    "pincurchin": [
        "啪嚓海胆"
    ],
    "pineco": [
        "榛果球"
    ],
    "pinsir": [
        "凯罗斯"
    ],
    "piplup": [
        "波加曼"
    ],
    "plusle": [
        "正电拍拍"
    ],
    "poipole": [
        "毒贝比"
    ],
    "politoed": [
        "蚊香蛙皇"
    ],
    "poliwag": [
        "蚊香蝌蚪",
        "蚊香蛹蚊",
        "蚊香蜕蚊"
    ],
    "poliwhirl": [
        "蚊香君"
    ],
    "poliwrath": [
        "蚊香泳士"
    ],
    "polteageist": [
        "怖思壶",
        "1子日毋声ca1",
        "1子日毋声an"
    ],
    "ponyta": [
        "小火马"
    ],
    "poochyena": [
        "土狼犬"
    ],
    "popplio": [
        "球球海狮"
    ],
    "porygon": [
        "多边兽",
        "多边兼",
        "多边曾"
    ],
    "porygon-z": [
        "多边兽Ｚ",
        "多边兼乙型",
        "多边兽乙型",
        "多边曾乙型"
    ],
    "porygon2": [
        "多边兽２",
        "多边兼2型"
    ],
    "primarina": [
        "西狮海壬"
    ],
    "primeape": [
        "火暴猴"
    ],
    "prinplup": [
        "波皇子"
    ],
    "probopass": [
        "大朝北鼻"
    ],
    "psyduck": [
        "可达鸭"
    ],
    "pumpkaboo": [
        "南瓜精"
    ],
    "pupitar": [
        "沙基拉斯"
    ],
    "purrloin": [
        "扒手猫"
    ],
    "purugly": [
        "东施喵"
    ],
    "pyroar": [
        "火炎狮"
    ],
    "pyukumuku": [
        "拳海参"
    ],
    "quagsire": [
        "沼王",
        "泻王"
    ],
    "quilava": [
        "火岩鼠"
    ],
    "quilladin": [
        "胖胖哈力"
    ],
    "qwilfish": [
        "千针鱼"
    ],
    "raboot": [
        "腾蹴小将"
    ],
    "raichu": [
        "雷丘"
    ],
    "raikou": [
        "雷公"
    ],
    "ralts": [
        "拉鲁拉丝"
    ],
    "rampardos": [
        "战槌龙"
    ],
    "rapidash": [
        "烈焰马"
    ],
    "raticate": [
        "拉达"
    ],
    "rattata": [
        "小拉达"
    ],
    "rayquaza": [
        "烈空坐"
    ],
    "regice": [
        "雷吉艾斯"
    ],
    "regidrago": [
        "雷吉铎拉戈"
    ],
    "regieleki": [
        "雷吉艾勒奇"
    ],
    "regigigas": [
        "雷吉奇卡斯"
    ],
    "regirock": [
        "雷吉洛克"
    ],
    "registeel": [
        "雷吉斯奇鲁",
        "西主片f空鱼",
        "英主片f夺鱼"
    ],
    "relicanth": [
        "古空棘鱼"
    ],
    "remoraid": [
        "铁炮鱼"
    ],
    "reshiram": [
        "莱希拉姆"
    ],
    "reuniclus": [
        "人造细胞卵"
    ],
    "rhydon": [
        "钻角犀兽"
    ],
    "rhyhorn": [
        "独角犀牛"
    ],
    "rhyperior": [
        "超甲狂犀"
    ],
    "ribombee": [
        "蝶结萌虻",
        "蝶结萍萍虹"
    ],
    "rillaboom": [
        "轰擂金刚猩"
    ],
    "riolu": [
        "利欧路"
    ],
    "rockruff": [
        "岩狗狗"
    ],
    "roggenrola": [
        "石丸子"
    ],
    "rolycoly": [
        "小炭仔"
    ],
    "rookidee": [
        "稚山雀"
    ],
    "roselia": [
        "毒蔷薇",
        "轩盖兑学口微",
        "壮盐兄5学口微"
    ],
    "roserade": [
        "罗丝雷朵"
    ],
    "rotom": [
        "洛托姆"
    ],
    "rowlet": [
        "木木枭"
    ],
    "rufflet": [
        "毛头小鹰"
    ],
    "runerigus": [
        "死神板",
        "迭失板"
    ],
    "sableye": [
        "勾魂眼"
    ],
    "salamence": [
        "暴飞龙"
    ],
    "salandit": [
        "夜盗火蜥"
    ],
    "salazzle": [
        "焰后蜥"
    ],
    "samurott": [
        "大剑鬼"
    ],
    "sandaconda": [
        "沙螺蟒"
    ],
    "sandile": [
        "黑眼鳄"
    ],
    "sandshrew": [
        "穿山鼠"
    ],
    "sandslash": [
        "穿山王"
    ],
    "sandygast": [
        "沙丘娃"
    ],
    "sawk": [
        "打击鬼"
    ],
    "sawsbuck": [
        "萌芽鹿"
    ],
    "scatterbug": [
        "粉蝶虫"
    ],
    "sceptile": [
        "蜥蜴王"
    ],
    "scizor": [
        "巨钳螳螂"
    ],
    "scolipede": [
        "蜈蚣王"
    ],
    "scorbunny": [
        "炎兔儿",
        "炕克儿"
    ],
    "scrafty": [
        "头巾混混"
    ],
    "scraggy": [
        "滑滑小子"
    ],
    "scyther": [
        "飞天螳螂"
    ],
    "seadra": [
        "海刺龙"
    ],
    "seaking": [
        "金鱼王"
    ],
    "sealeo": [
        "海魔狮"
    ],
    "seedot": [
        "橡实果"
    ],
    "seel": [
        "小海狮"
    ],
    "seismitoad": [
        "蟾蜍王",
        "蟹蜈王"
    ],
    "sentret": [
        "尾立"
    ],
    "serperior": [
        "君主蛇"
    ],
    "servine": [
        "青藤蛇"
    ],
    "seviper": [
        "饭匙蛇"
    ],
    "sewaddle": [
        "虫宝包"
    ],
    "sharpedo": [
        "巨牙鲨"
    ],
    "shaymin": [
        "谢米"
    ],
    "shedinja": [
        "脱壳忍者"
    ],
    "shelgon": [
        "甲壳龙"
    ],
    "shellder": [
        "大舌贝"
    ],
    "shellos": [
        "无壳海兔"
    ],
    "shelmet": [
        "小嘴蜗"
    ],
    "shieldon": [
        "盾甲龙"
    ],
    "shiftry": [
        "狡猾天狗"
    ],
    "shiinotic": [
        "灯罩夜菇"
    ],
    "shinx": [
        "小猫怪"
    ],
    "shroomish": [
        "蘑蘑菇"
    ],
    "shuckle": [
        "壶壶",
        "京帝253",
        "不j",
        "京斋2530",
        "志与亚五",
        "怀不亚五",
        "壮1"
    ],
    "shuppet": [
        "怨影娃娃"
    ],
    "sigilyph": [
        "象征鸟"
    ],
    "silcoon": [
        "甲壳茧"
    ],
    "silicobra": [
        "沙包蛇"
    ],
    "silvally": [
        "银伴战兽"
    ],
    "simipour": [
        "冷水猿"
    ],
    "simisage": [
        "花椰猿"
    ],
    "simisear": [
        "爆香猿"
    ],
    "sinistea": [
        "来悲茶"
    ],
    "sirfetch-d": [
        "葱游兵"
    ],
    "sizzlipede": [
        "烧火蚣"
    ],
    "skarmory": [
        "盔甲鸟",
        "盘用鸟"
    ],
    "skiddo": [
        "坐骑小羊"
    ],
    "skiploom": [
        "毽子花"
    ],
    "skitty": [
        "向尾喵"
    ],
    "skorupi": [
        "钳尾蝎"
    ],
    "skrelp": [
        "垃垃藻"
    ],
    "skuntank": [
        "坦克臭鼬"
    ],
    "skwovet": [
        "贪心栗鼠",
        "2一巧马二1与二1j栗e胤",
        "2一巧马责二1j栗e胤",
        "一巧已员匕栗e胤",
        "一一巧已员匕栗e胤",
        "人h6e3员栗ee1"
    ],
    "slaking": [
        "请假王"
    ],
    "slakoth": [
        "懒人獭"
    ],
    "sliggoo": [
        "黏美儿"
    ],
    "slowbro": [
        "呆壳兽"
    ],
    "slowking": [
        "呆呆王",
        "吴松王"
    ],
    "slowpoke": [
        "呆呆兽"
    ],
    "slugma": [
        "熔岩虫"
    ],
    "slurpuff": [
        "胖甜妮"
    ],
    "smeargle": [
        "图图犬"
    ],
    "smoochum": [
        "迷唇娃"
    ],
    "sneasel": [
        "狃拉",
        "狒拉",
        "狗拉",
        "犯拉"
    ],
    "snivy": [
        "藤藤蛇"
    ],
    "snom": [
        "雪吞虫"
    ],
    "snorlax": [
        "卡比兽"
    ],
    "snorunt": [
        "雪童子"
    ],
    "snover": [
        "雪笠怪"
    ],
    "snubbull": [
        "布鲁"
    ],
    "sobble": [
        "泪眼蜥"
    ],
    "solgaleo": [
        "索尔迦雷欧"
    ],
    "solosis": [
        "单卵细胞球"
    ],
    "solrock": [
        "太阳岩"
    ],
    "spearow": [
        "烈雀"
    ],
    "spectrier": [
        "灵幽马"
    ],
    "spewpa": [
        "粉蝶蛹"
    ],
    "spheal": [
        "海豹球"
    ],
    "spinarak": [
        "圆丝蛛"
    ],
    "spinda": [
        "晃晃斑"
    ],
    "spiritomb": [
        "花岩怪"
    ],
    "spoink": [
        "跳跳猪"
    ],
    "spritzee": [
        "粉香香"
    ],
    "squirtle": [
        "杰尼龟"
    ],
    "stakataka": [
        "垒磊石"
    ],
    "stantler": [
        "惊角鹿"
    ],
    "staraptor": [
        "姆克鹰"
    ],
    "staravia": [
        "姆克鸟"
    ],
    "starly": [
        "姆克儿"
    ],
    "starmie": [
        "宝石海星"
    ],
    "staryu": [
        "海星星",
        "口日尺净生生"
    ],
    "steelix": [
        "大钢蛇"
    ],
    "steenee": [
        "甜舞妮"
    ],
    "stonjourner": [
        "巨石丁"
    ],
    "stoutland": [
        "长毛狗"
    ],
    "stufful": [
        "童偶熊"
    ],
    "stunfisk": [
        "泥巴鱼"
    ],
    "stunky": [
        "臭鼬噗",
        "臭融暹"
    ],
    "sudowoodo": [
        "树才怪"
    ],
    "suicune": [
        "水君"
    ],
    "sunflora": [
        "向日花怪"
    ],
    "sunkern": [
        "向日种子"
    ],
    "surskit": [
        "溜溜糖球"
    ],
    "swablu": [
        "青绵鸟"
    ],
    "swadloon": [
        "宝包茧"
    ],
    "swalot": [
        "吞食兽"
    ],
    "swampert": [
        "巨沼怪"
    ],
    "swanna": [
        "舞天鹅"
    ],
    "swellow": [
        "大王燕"
    ],
    "swinub": [
        "小山猪"
    ],
    "swirlix": [
        "绵绵泡芙"
    ],
    "swoobat": [
        "心蝙蝠",
        "心蜿蝶"
    ],
    "sylveon": [
        "仙子伊布"
    ],
    "taillow": [
        "傲骨燕"
    ],
    "talonflame": [
        "烈箭鹰"
    ],
    "tangela": [
        "蔓藤怪"
    ],
    "tangrowth": [
        "巨蔓藤"
    ],
    "tapu-bulu": [
        "卡璞・哞哞"
    ],
    "tapu-fini": [
        "卡璞・鳍鳍"
    ],
    "tapu-koko": [
        "卡璞・鸣鸣"
    ],
    "tapu-lele": [
        "卡璞・蝶蝶"
    ],
    "tauros": [
        "肯泰罗"
    ],
    "teddiursa": [
        "熊宝宝"
    ],
    "tentacool": [
        "玛瑙水母"
    ],
    "tentacruel": [
        "毒刺水母"
    ],
    "tepig": [
        "暖暖猪"
    ],
    "terrakion": [
        "代拉基翁"
    ],
    "thievul": [
        "狐大盗",
        "猾大狐"
    ],
    "throh": [
        "投摔鬼"
    ],
    "thundurus": [
        "雷电云"
    ],
    "thwackey": [
        "啪咚猴",
        "咸咏猬",
        "咸咚楼"
    ],
    "timburr": [
        "搬运小匠"
    ],
    "tirtouga": [
        "原盖海龟"
    ],
    "togedemaru": [
        "托戈德玛尔"
    ],
    "togekiss": [
        "波克基斯"
    ],
    "togepi": [
        "波克比"
    ],
    "togetic": [
        "波克基古"
    ],
    "torchic": [
        "火稚鸡"
    ],
    "torkoal": [
        "煤炭龟",
        "燥官龟",
        "煜疥龟",
        "煜定龟"
    ],
    "tornadus": [
        "龙卷云"
    ],
    "torracat": [
        "炎热喵"
    ],
    "torterra": [
        "土台龟"
    ],
    "totodile": [
        "小锯鳄"
    ],
    "toucannon": [
        "铳嘴大鸟"
    ],
    "toxapex": [
        "超坏星"
    ],
    "toxel": [
        "毒电婴",
        "电音婴",
        "电音基妾"
    ],
    "toxicroak": [
        "毒骷蛙"
    ],
    "toxtricity": [
        "颤弦蝾螈"
    ],
    "tranquill": [
        "咕咕鸽",
        "哇咕鹅"
    ],
    "trapinch": [
        "大颚蚁",
        "大额虾"
    ],
    "treecko": [
        "木守宫"
    ],
    "trevenant": [
        "朽木妖"
    ],
    "tropius": [
        "热带龙"
    ],
    "trubbish": [
        "破破袋"
    ],
    "trumbeak": [
        "喇叭啄鸟"
    ],
    "tsareena": [
        "甜冷美后"
    ],
    "turtonator": [
        "爆焰龟兽"
    ],
    "turtwig": [
        "草苗龟"
    ],
    "tympole": [
        "圆蝌蚪",
        "圆蜊虱",
        "圆蜊蛭"
    ],
    "tynamo": [
        "麻麻小鱼"
    ],
    "type-null": [
        "属性：空"
    ],
    "typhlosion": [
        "火暴兽"
    ],
    "tyranitar": [
        "班基拉斯"
    ],
    "tyrantrum": [
        "怪颚龙"
    ],
    "tyrogue": [
        "无畏小子"
    ],
    "tyrunt": [
        "宝宝暴龙"
    ],
    "umbreon": [
        "月亮伊布"
    ],
    "unfezant": [
        "高傲雉鸡"
    ],
    "unown": [
        "未知图腾"
    ],
    "ursaring": [
        "圈圈熊"
    ],
    "urshifu": [
        "武道熊师"
    ],
    "uxie": [
        "由克希"
    ],
    "vanillish": [
        "多多冰"
    ],
    "vanillite": [
        "迷你冰"
    ],
    "vanilluxe": [
        "双倍多多冰"
    ],
    "vaporeon": [
        "水伊布"
    ],
    "venipede": [
        "百足蜈蚣"
    ],
    "venomoth": [
        "摩鲁蛾"
    ],
    "venonat": [
        "毛球"
    ],
    "venusaur": [
        "妙蛙花"
    ],
    "vespiquen": [
        "蜂女王"
    ],
    "vibrava": [
        "超音波幼虫"
    ],
    "victini": [
        "比克提尼"
    ],
    "victreebel": [
        "大食花"
    ],
    "vigoroth": [
        "过动猿"
    ],
    "vikavolt": [
        "锹农炮虫"
    ],
    "vileplume": [
        "霸王花"
    ],
    "virizion": [
        "毕力吉翁"
    ],
    "vivillon": [
        "彩粉蝶"
    ],
    "volbeat": [
        "电萤虫"
    ],
    "volcanion": [
        "波尔凯尼恩"
    ],
    "volcarona": [
        "火神蛾"
    ],
    "voltorb": [
        "霹雳电球"
    ],
    "vullaby": [
        "秃鹰丫头"
    ],
    "vulpix": [
        "六尾"
    ],
    "wailmer": [
        "吼吼鲸"
    ],
    "wailord": [
        "吼鲸王"
    ],
    "walrein": [
        "帝牙海狮"
    ],
    "wartortle": [
        "卡咪龟"
    ],
    "watchog": [
        "步哨鼠"
    ],
    "weavile": [
        "玛狃拉",
        "玑犯拉",
        "玛犯拉"
    ],
    "weedle": [
        "独角虫"
    ],
    "weepinbell": [
        "口呆花"
    ],
    "weezing": [
        "双弹瓦斯"
    ],
    "whimsicott": [
        "风妖精"
    ],
    "whirlipede": [
        "车轮球"
    ],
    "whiscash": [
        "鲶鱼王"
    ],
    "whismur": [
        "咕妞妞"
    ],
    "wigglytuff": [
        "胖可丁"
    ],
    "wimpod": [
        "胆小虫"
    ],
    "wingull": [
        "长翅鸥"
    ],
    "wishiwashi": [
        "弱丁鱼",
        "骏jj鱼"
    ],
    "wobbuffet": [
        "果然翁"
    ],
    "woobat": [
        "滚滚蝙蝠"
    ],
    "wooloo": [
        "毛辫羊"
    ],
    "wooper": [
        "乌波"
    ],
    "wormadam": [
        "结草贵妇"
    ],
    "wurmple": [
        "刺尾虫"
    ],
    "wynaut": [
        "小果然"
    ],
    "xatu": [
        "天然鸟"
    ],
    "xerneas": [
        "哲尔尼亚斯"
    ],
    "xurkitree": [
        "电束木"
    ],
    "yamask": [
        "哭哭面具"
    ],
    "yamper": [
        "来电汪"
    ],
    "yanma": [
        "蜻蜻蜓"
    ],
    "yanmega": [
        "远古巨蜓"
    ],
    "yungoos": [
        "猫鼬少"
    ],
    "yveltal": [
        "伊裴尔塔尔"
    ],
    "zacian": [
        "苍响",
        "苍咱"
    ],
    "zamazenta": [
        "藏玛然特"
    ],
    "zangoose": [
        "猫鼬斩"
    ],
    "zapdos": [
        "闪电鸟"
    ],
    "zarude": [
        "萨戮德"
    ],
    "zebstrika": [
        "雷电斑马"
    ],
    "zekrom": [
        "捷克罗姆"
    ],
    "zeraora": [
        "捷拉奥拉"
    ],
    "zigzagoon": [
        "蛇纹熊"
    ],
    "zoroark": [
        "索罗亚克"
    ],
    "zorua": [
        "索罗亚"
    ],
    "zubat": [
        "超音蝠"
    ],
    "zweilous": [
        "双首暴龙"
    ],
    "zygarde": [
        "基格尔德"
    ]
}
