﻿{
    "bulbasaur": [ "Bulbizarre" ],
    "ivysaur": [ "Herbizarre" ],
    "venusaur": [ "Florizarre" ],
    "charmander": [ "Salamèche" ],
    "charmeleon": [ "Reptincel" ],
    "charizard": [ "Dracaufeu" ],
    "squirtle": [ "Carapuce" ],
    "wartortle": [ "Carabaffe" ],
    "blastoise": [ "Tortank" ],
    "caterpie": [ "Chenipan" ],
    "metapod": [ "Chrysacier" ],
    "butterfree": [ "Papilusion" ],
    "weedle": [ "Aspicot" ],
    "kakuna": [ "Coconfort" ],
    "beedrill": [ "Dardargnan" ],
    "pidgey": [ "Roucool" ],
    "pidgeotto": [ "Roucoups" ],
    "pidgeot": [ "Roucarnage" ],
    "rattata": [ "Rattata" ],
    "raticate": [ "Rattatac" ],
    "spearow": [ "Piafabec" ],
    "fearow": [ "Rapasdepic" ],
    "ekans": [ "Abo" ],
    "arbok": [ "Arbok" ],
    "pikachu": [ "Pikachu" ],
    "raichu": [ "Raichu" ],
    "sandshrew": [ "Sabelette" ],
    "sandslash": [ "Sablaireau" ],
    "nidoran-f": [ "Nidoran♀" ],
    "nidorina": [ "Nidorina" ],
    "nidoqueen": [ "Nidoqueen" ],
    "nidoran-m": [ "Nidoran♂" ],
    "nidorino": [ "Nidorino" ],
    "nidoking": [ "Nidoking" ],
    "clefairy": [ "Mélofée" ],
    "clefable": [ "Mélodelfe" ],
    "vulpix": [ "Goupix" ],
    "ninetales": [ "Feunard" ],
    "jigglypuff": [ "Rondoudou" ],
    "wigglytuff": [ "Grodoudou" ],
    "zubat": [ "Nosferapti" ],
    "golbat": [ "Nosferalto" ],
    "oddish": [ "Mystherbe" ],
    "gloom": [ "Ortide" ],
    "vileplume": [ "Rafflesia" ],
    "paras": [ "Paras" ],
    "parasect": [ "Parasect" ],
    "venonat": [ "Mimitoss" ],
    "venomoth": [ "Aéromite" ],
    "diglett": [ "Taupiqueur" ],
    "dugtrio": [ "Triopikeur" ],
    "meowth": [ "Miaouss" ],
    "persian": [ "Persian" ],
    "psyduck": [ "Psykokwak" ],
    "golduck": [ "Akwakwak" ],
    "mankey": [ "Férosinge" ],
    "primeape": [ "Colossinge" ],
    "growlithe": [ "Caninos" ],
    "arcanine": [ "Arcanin" ],
    "poliwag": [ "Ptitard" ],
    "poliwhirl": [ "Têtarte" ],
    "poliwrath": [ "Tartard" ],
    "abra": [ "Abra" ],
    "kadabra": [ "Kadabra" ],
    "alakazam": [ "Alakazam" ],
    "machop": [ "Machoc" ],
    "machoke": [ "Machopeur" ],
    "machamp": [ "Mackogneur" ],
    "bellsprout": [ "Chétiflor" ],
    "weepinbell": [ "Boustiflor" ],
    "victreebel": [ "Empiflor" ],
    "tentacool": [ "Tentacool" ],
    "tentacruel": [ "Tentacruel" ],
    "geodude": [ "Racaillou" ],
    "graveler": [ "Gravalanch" ],
    "golem": [ "Grolem" ],
    "ponyta": [ "Ponyta" ],
    "rapidash": [ "Galopa" ],
    "slowpoke": [ "Ramoloss" ],
    "slowbro": [ "Flagadoss" ],
    "magnemite": [ "Magnéti" ],
    "magneton": [ "Magnéton" ],
    "farfetch-d": [ "Canarticho" ],
    "doduo": [ "Doduo" ],
    "dodrio": [ "Dodrio" ],
    "seel": [ "Otaria" ],
    "dewgong": [ "Lamantine" ],
    "grimer": [ "Tadmorv" ],
    "muk": [ "Grotadmorv" ],
    "shellder": [ "Kokiyas" ],
    "cloyster": [ "Crustabri" ],
    "gastly": [ "Fantominus" ],
    "haunter": [ "Spectrum" ],
    "gengar": [ "Ectoplasma" ],
    "onix": [ "Onix" ],
    "drowzee": [ "Soporifik" ],
    "hypno": [ "Hypnomade" ],
    "krabby": [ "Krabby" ],
    "kingler": [ "Krabboss" ],
    "voltorb": [ "Voltorbe" ],
    "electrode": [ "Électrode" ],
    "exeggcute": [ "Noeunoeuf" ],
    "exeggutor": [ "Noadkoko" ],
    "cubone": [ "Osselait" ],
    "marowak": [ "Ossatueur" ],
    "hitmonlee": [ "Kicklee" ],
    "hitmonchan": [ "Tygnon" ],
    "lickitung": [ "Excelangue" ],
    "koffing": [ "Smogo" ],
    "weezing": [ "Smogogo" ],
    "rhyhorn": [ "Rhinocorne" ],
    "rhydon": [ "Rhinoféros" ],
    "chansey": [ "Leveinard" ],
    "tangela": [ "Saquedeneu" ],
    "kangaskhan": [ "Kangourex" ],
    "horsea": [ "Hypotrempe" ],
    "seadra": [ "Hypocéan" ],
    "goldeen": [ "Poissirène" ],
    "seaking": [ "Poissoroy" ],
    "staryu": [ "Stari" ],
    "starmie": [ "Staross" ],
    "mr-mime": [ "M. Mime" ],
    "scyther": [ "Insécateur" ],
    "jynx": [ "Lippoutou" ],
    "electabuzz": [ "Élektek" ],
    "magmar": [ "Magmar" ],
    "pinsir": [ "Scarabrute" ],
    "tauros": [ "Tauros" ],
    "magikarp": [ "Magicarpe" ],
    "gyarados": [ "Léviator" ],
    "lapras": [ "Lokhlass" ],
    "ditto": [ "Métamorph" ],
    "eevee": [ "Évoli" ],
    "vaporeon": [ "Aquali" ],
    "jolteon": [ "Voltali" ],
    "flareon": [ "Pyroli" ],
    "porygon": [ "Porygon" ],
    "omanyte": [ "Amonita" ],
    "omastar": [ "Amonistar" ],
    "kabuto": [ "Kabuto" ],
    "kabutops": [ "Kabutops" ],
    "aerodactyl": [ "Ptéra" ],
    "snorlax": [ "Ronflex" ],
    "articuno": [ "Artikodin" ],
    "zapdos": [ "Électhor" ],
    "moltres": [ "Sulfura" ],
    "dratini": [ "Minidraco" ],
    "dragonair": [ "Draco" ],
    "dragonite": [ "Dracolosse" ],
    "mewtwo": [ "Mewtwo" ],
    "mew": [ "Mew" ],
    "chikorita": [ "Germignon" ],
    "bayleef": [ "Macronium" ],
    "meganium": [ "Méganium" ],
    "cyndaquil": [ "Héricendre" ],
    "quilava": [ "Feurisson" ],
    "typhlosion": [ "Typhlosion" ],
    "totodile": [ "Kaiminus" ],
    "croconaw": [ "Crocrodil" ],
    "feraligatr": [ "Aligatueur" ],
    "sentret": [ "Fouinette" ],
    "furret": [ "Fouinar" ],
    "hoothoot": [ "Hoothoot" ],
    "noctowl": [ "Noarfang" ],
    "ledyba": [ "Coxy" ],
    "ledian": [ "Coxyclaque" ],
    "spinarak": [ "Mimigal" ],
    "ariados": [ "Migalos" ],
    "crobat": [ "Nostenfer" ],
    "chinchou": [ "Loupio" ],
    "lanturn": [ "Lanturn" ],
    "pichu": [ "Pichu" ],
    "cleffa": [ "Mélo" ],
    "igglybuff": [ "Toudoudou" ],
    "togepi": [ "Togepi" ],
    "togetic": [ "Togetic" ],
    "natu": [ "Natu" ],
    "xatu": [ "Xatu" ],
    "mareep": [ "Wattouat" ],
    "flaaffy": [ "Lainergie" ],
    "ampharos": [ "Pharamp" ],
    "bellossom": [ "Joliflor" ],
    "marill": [ "Marill" ],
    "azumarill": [ "Azumarill" ],
    "sudowoodo": [ "Simularbre" ],
    "politoed": [ "Tarpaud" ],
    "hoppip": [ "Granivol" ],
    "skiploom": [ "Floravol" ],
    "jumpluff": [ "Cotovol" ],
    "aipom": [ "Capumain" ],
    "sunkern": [ "Tournegrin" ],
    "sunflora": [ "Héliatronc" ],
    "yanma": [ "Yanma" ],
    "wooper": [ "Axoloto" ],
    "quagsire": [ "Maraiste" ],
    "espeon": [ "Mentali" ],
    "umbreon": [ "Noctali" ],
    "murkrow": [ "Cornèbre" ],
    "slowking": [ "Roigada" ],
    "misdreavus": [ "Feuforêve" ],
    "unown": [ "Zarbi" ],
    "wobbuffet": [ "Qulbutoké" ],
    "girafarig": [ "Girafarig" ],
    "pineco": [ "Pomdepik" ],
    "forretress": [ "Foretress" ],
    "dunsparce": [ "Insolourdo" ],
    "gligar": [ "Scorplane" ],
    "steelix": [ "Steelix" ],
    "snubbull": [ "Snubbull" ],
    "granbull": [ "Granbull" ],
    "qwilfish": [ "Qwilfish" ],
    "scizor": [ "Cizayox" ],
    "shuckle": [ "Caratroc" ],
    "heracross": [ "Scarhino" ],
    "sneasel": [ "Farfuret" ],
    "teddiursa": [ "Teddiursa" ],
    "ursaring": [ "Ursaring" ],
    "slugma": [ "Limagma" ],
    "magcargo": [ "Volcaropod" ],
    "swinub": [ "Marcacrin" ],
    "piloswine": [ "Cochignon" ],
    "corsola": [ "Corayon" ],
    "remoraid": [ "Rémoraid" ],
    "octillery": [ "Octillery" ],
    "delibird": [ "Cadoizo" ],
    "mantine": [ "Démanta" ],
    "skarmory": [ "Airmure" ],
    "houndour": [ "Malosse" ],
    "houndoom": [ "Démolosse" ],
    "kingdra": [ "Hyporoi" ],
    "phanpy": [ "Phanpy" ],
    "donphan": [ "Donphan" ],
    "porygon2": [ "Porygon2" ],
    "stantler": [ "Cerfrousse" ],
    "smeargle": [ "Queulorior" ],
    "tyrogue": [ "Debugant" ],
    "hitmontop": [ "Kapoera" ],
    "smoochum": [ "Lippouti" ],
    "elekid": [ "Élekid" ],
    "magby": [ "Magby" ],
    "miltank": [ "Écrémeuh" ],
    "blissey": [ "Leuphorie" ],
    "raikou": [ "Raikou" ],
    "entei": [ "Entei" ],
    "suicune": [ "Suicune" ],
    "larvitar": [ "Embrylex" ],
    "pupitar": [ "Ymphect" ],
    "tyranitar": [ "Tyranocif" ],
    "lugia": [ "Lugia" ],
    "ho-oh": [ "Ho-Oh" ],
    "celebi": [ "Celebi" ],
    "treecko": [ "Arcko" ],
    "grovyle": [ "Massko" ],
    "sceptile": [ "Jungko" ],
    "torchic": [ "Poussifeu" ],
    "combusken": [ "Galifeu" ],
    "blaziken": [ "Braségali" ],
    "mudkip": [ "Gobou" ],
    "marshtomp": [ "Flobio" ],
    "swampert": [ "Laggron" ],
    "poochyena": [ "Medhyèna" ],
    "mightyena": [ "Grahyèna" ],
    "zigzagoon": [ "Zigzaton" ],
    "linoone": [ "Linéon" ],
    "wurmple": [ "Chenipotte" ],
    "silcoon": [ "Armulys" ],
    "beautifly": [ "Charmillon" ],
    "cascoon": [ "Blindalys" ],
    "dustox": [ "Papinox" ],
    "lotad": [ "Nénupiot" ],
    "lombre": [ "Lombre" ],
    "ludicolo": [ "Ludicolo" ],
    "seedot": [ "Grainipiot" ],
    "nuzleaf": [ "Pifeuil" ],
    "shiftry": [ "Tengalice" ],
    "taillow": [ "Nirondelle" ],
    "swellow": [ "Hélédelle" ],
    "wingull": [ "Goélise" ],
    "pelipper": [ "Bekipan" ],
    "ralts": [ "Tarsal" ],
    "kirlia": [ "Kirlia" ],
    "gardevoir": [ "Gardevoir" ],
    "surskit": [ "Arakdo" ],
    "masquerain": [ "Maskadra" ],
    "shroomish": [ "Balignon" ],
    "breloom": [ "Chapignon" ],
    "slakoth": [ "Parecool" ],
    "vigoroth": [ "Vigoroth" ],
    "slaking": [ "Monaflèmit" ],
    "nincada": [ "Ningale" ],
    "ninjask": [ "Ninjask" ],
    "shedinja": [ "Munja" ],
    "whismur": [ "Chuchmur" ],
    "loudred": [ "Ramboum" ],
    "exploud": [ "Brouhabam" ],
    "makuhita": [ "Makuhita" ],
    "hariyama": [ "Hariyama" ],
    "azurill": [ "Azurill" ],
    "nosepass": [ "Tarinor" ],
    "skitty": [ "Skitty" ],
    "delcatty": [ "Delcatty" ],
    "sableye": [ "Ténéfix" ],
    "mawile": [ "Mysdibule" ],
    "aron": [ "Galekid" ],
    "lairon": [ "Galegon" ],
    "aggron": [ "Galeking" ],
    "meditite": [ "Méditikka" ],
    "medicham": [ "Charmina" ],
    "electrike": [ "Dynavolt" ],
    "manectric": [ "Élecsprint" ],
    "plusle": [ "Posipi" ],
    "minun": [ "Négapi" ],
    "volbeat": [ "Muciole" ],
    "illumise": [ "Lumivole" ],
    "roselia": [ "Rosélia" ],
    "gulpin": [ "Gloupti" ],
    "swalot": [ "Avaltout" ],
    "carvanha": [ "Carvanha" ],
    "sharpedo": [ "Sharpedo" ],
    "wailmer": [ "Wailmer" ],
    "wailord": [ "Wailord" ],
    "numel": [ "Chamallot" ],
    "camerupt": [ "Camérupt" ],
    "torkoal": [ "Chartor" ],
    "spoink": [ "Spoink" ],
    "grumpig": [ "Groret" ],
    "spinda": [ "Spinda" ],
    "trapinch": [ "Kraknoix" ],
    "vibrava": [ "Vibraninf" ],
    "flygon": [ "Libégon" ],
    "cacnea": [ "Cacnea" ],
    "cacturne": [ "Cacturne" ],
    "swablu": [ "Tylton" ],
    "altaria": [ "Altaria" ],
    "zangoose": [ "Mangriff" ],
    "seviper": [ "Séviper" ],
    "lunatone": [ "Séléroc" ],
    "solrock": [ "Solaroc" ],
    "barboach": [ "Barloche" ],
    "whiscash": [ "Barbicha" ],
    "corphish": [ "Écrapince" ],
    "crawdaunt": [ "Colhomard" ],
    "baltoy": [ "Balbuto" ],
    "claydol": [ "Kaorine" ],
    "lileep": [ "Lilia" ],
    "cradily": [ "Vacilys" ],
    "anorith": [ "Anorith" ],
    "armaldo": [ "Armaldo" ],
    "feebas": [ "Barpau" ],
    "milotic": [ "Milobellus" ],
    "castform": [ "Morphéo" ],
    "kecleon": [ "Kecleon" ],
    "shuppet": [ "Polichombr" ],
    "banette": [ "Branette" ],
    "duskull": [ "Skelénox" ],
    "dusclops": [ "Téraclope" ],
    "tropius": [ "Tropius" ],
    "chimecho": [ "Éoko" ],
    "absol": [ "Absol" ],
    "wynaut": [ "Okéoké" ],
    "snorunt": [ "Stalgamin" ],
    "glalie": [ "Oniglali" ],
    "spheal": [ "Obalie" ],
    "sealeo": [ "Phogleur" ],
    "walrein": [ "Kaimorse" ],
    "clamperl": [ "Coquiperl" ],
    "huntail": [ "Serpang" ],
    "gorebyss": [ "Rosabyss" ],
    "relicanth": [ "Relicanth" ],
    "luvdisc": [ "Lovdisc" ],
    "bagon": [ "Draby" ],
    "shelgon": [ "Drackhaus" ],
    "salamence": [ "Drattak" ],
    "beldum": [ "Terhal" ],
    "metang": [ "Métang" ],
    "metagross": [ "Métalosse" ],
    "regirock": [ "Regirock" ],
    "regice": [ "Regice" ],
    "registeel": [ "Registeel" ],
    "latias": [ "Latias" ],
    "latios": [ "Latios" ],
    "kyogre": [ "Kyogre" ],
    "groudon": [ "Groudon" ],
    "rayquaza": [ "Rayquaza" ],
    "jirachi": [ "Jirachi" ],
    "deoxys": [ "Deoxys" ],
    "turtwig": [ "Tortipouss" ],
    "grotle": [ "Boskara" ],
    "torterra": [ "Torterra" ],
    "chimchar": [ "Ouisticram" ],
    "monferno": [ "Chimpenfeu" ],
    "infernape": [ "Simiabraz" ],
    "piplup": [ "Tiplouf" ],
    "prinplup": [ "Prinplouf" ],
    "empoleon": [ "Pingoléon" ],
    "starly": [ "Étourmi" ],
    "staravia": [ "Étourvol" ],
    "staraptor": [ "Étouraptor" ],
    "bidoof": [ "Keunotor" ],
    "bibarel": [ "Castorno" ],
    "kricketot": [ "Crikzik" ],
    "kricketune": [ "Mélokrik" ],
    "shinx": [ "Lixy" ],
    "luxio": [ "Luxio" ],
    "luxray": [ "Luxray" ],
    "budew": [ "Rozbouton" ],
    "roserade": [ "Roserade" ],
    "cranidos": [ "Kranidos" ],
    "rampardos": [ "Charkos" ],
    "shieldon": [ "Dinoclier" ],
    "bastiodon": [ "Bastiodon" ],
    "burmy": [ "Cheniti" ],
    "wormadam": [ "Cheniselle" ],
    "mothim": [ "Papilord" ],
    "combee": [ "Apitrini" ],
    "vespiquen": [ "Apireine" ],
    "pachirisu": [ "Pachirisu" ],
    "buizel": [ "Mustébouée" ],
    "floatzel": [ "Mustéflott" ],
    "cherubi": [ "Ceribou" ],
    "cherrim": [ "Ceriflor" ],
    "shellos": [ "Sancoki" ],
    "gastrodon": [ "Tritosor" ],
    "ambipom": [ "Capidextre" ],
    "drifloon": [ "Baudrive" ],
    "drifblim": [ "Grodrive" ],
    "buneary": [ "Laporeille" ],
    "lopunny": [ "Lockpin" ],
    "mismagius": [ "Magirêve" ],
    "honchkrow": [ "Corboss" ],
    "glameow": [ "Chaglam" ],
    "purugly": [ "Chaffreux" ],
    "chingling": [ "Korillon" ],
    "stunky": [ "Moufouette" ],
    "skuntank": [ "Moufflair" ],
    "bronzor": [ "Archéomire" ],
    "bronzong": [ "Archéodong" ],
    "bonsly": [ "Manzaï" ],
    "mime-jr": [ "Mime Jr." ],
    "happiny": [ "Ptiravi" ],
    "chatot": [ "Pijako" ],
    "spiritomb": [ "Spiritomb" ],
    "gible": [ "Griknot" ],
    "gabite": [ "Carmache" ],
    "garchomp": [ "Carchacrok" ],
    "munchlax": [ "Goinfrex" ],
    "riolu": [ "Riolu" ],
    "lucario": [ "Lucario" ],
    "hippopotas": [ "Hippopotas" ],
    "hippowdon": [ "Hippodocus" ],
    "skorupi": [ "Rapion" ],
    "drapion": [ "Drascore" ],
    "croagunk": [ "Cradopaud" ],
    "toxicroak": [ "Coatox" ],
    "carnivine": [ "Vortente" ],
    "finneon": [ "Écayon" ],
    "lumineon": [ "Luminéon" ],
    "mantyke": [ "Babimanta" ],
    "snover": [ "Blizzi" ],
    "abomasnow": [ "Blizzaroi" ],
    "weavile": [ "Dimoret" ],
    "magnezone": [ "Magnézone" ],
    "lickilicky": [ "Coudlangue" ],
    "rhyperior": [ "Rhinastoc" ],
    "tangrowth": [ "Bouldeneu" ],
    "electivire": [ "Élekable" ],
    "magmortar": [ "Maganon" ],
    "togekiss": [ "Togekiss" ],
    "yanmega": [ "Yanmega" ],
    "leafeon": [ "Phyllali" ],
    "glaceon": [ "Givrali" ],
    "gliscor": [ "Scorvol" ],
    "mamoswine": [ "Mammochon" ],
    "porygon-z": [ "Porygon-Z" ],
    "gallade": [ "Gallame" ],
    "probopass": [ "Tarinorme" ],
    "dusknoir": [ "Noctunoir" ],
    "froslass": [ "Momartik" ],
    "rotom": [ "Motisma" ],
    "uxie": [ "Créhelf" ],
    "mesprit": [ "Créfollet" ],
    "azelf": [ "Créfadet" ],
    "dialga": [ "Dialga" ],
    "palkia": [ "Palkia" ],
    "heatran": [ "Heatran" ],
    "regigigas": [ "Regigigas" ],
    "giratina": [ "Giratina" ],
    "cresselia": [ "Cresselia" ],
    "phione": [ "Phione" ],
    "manaphy": [ "Manaphy" ],
    "darkrai": [ "Darkrai" ],
    "shaymin": [ "Shaymin" ],
    "arceus": [ "Arceus" ],
    "victini": [ "Victini" ],
    "snivy": [ "Vipélierre" ],
    "servine": [ "Lianaja" ],
    "serperior": [ "Majaspic" ],
    "tepig": [ "Gruikui" ],
    "pignite": [ "Grotichon" ],
    "emboar": [ "Roitiflam" ],
    "oshawott": [ "Moustillon" ],
    "dewott": [ "Mateloutre" ],
    "samurott": [ "Clamiral" ],
    "patrat": [ "Ratentif" ],
    "watchog": [ "Miradar" ],
    "lillipup": [ "Ponchiot" ],
    "herdier": [ "Ponchien" ],
    "stoutland": [ "Mastouffe" ],
    "purrloin": [ "Chacripan" ],
    "liepard": [ "Léopardus" ],
    "pansage": [ "Feuillajou" ],
    "simisage": [ "Feuiloutan" ],
    "pansear": [ "Flamajou" ],
    "simisear": [ "Flamoutan" ],
    "panpour": [ "Flotajou" ],
    "simipour": [ "Flotoutan" ],
    "munna": [ "Munna" ],
    "musharna": [ "Mushana" ],
    "pidove": [ "Poichigeon" ],
    "tranquill": [ "Colombeau" ],
    "unfezant": [ "Déflaisan" ],
    "blitzle": [ "Zébibron" ],
    "zebstrika": [ "Zéblitz" ],
    "roggenrola": [ "Nodulithe" ],
    "boldore": [ "Géolithe" ],
    "gigalith": [ "Gigalithe" ],
    "woobat": [ "Chovsourir" ],
    "swoobat": [ "Rhinolove" ],
    "drilbur": [ "Rototaupe" ],
    "excadrill": [ "Minotaupe" ],
    "audino": [ "Nanméouïe" ],
    "timburr": [ "Charpenti" ],
    "gurdurr": [ "Ouvrifier" ],
    "conkeldurr": [ "Bétochef" ],
    "tympole": [ "Tritonde" ],
    "palpitoad": [ "Batracné" ],
    "seismitoad": [ "Crapustule" ],
    "throh": [ "Judokrak" ],
    "sawk": [ "Karaclée" ],
    "sewaddle": [ "Larveyette" ],
    "swadloon": [ "Couverdure" ],
    "leavanny": [ "Manternel" ],
    "venipede": [ "Venipatte" ],
    "whirlipede": [ "Scobolide" ],
    "scolipede": [ "Brutapode" ],
    "cottonee": [ "Doudouvet" ],
    "whimsicott": [ "Farfaduvet" ],
    "petilil": [ "Chlorobule" ],
    "lilligant": [ "Fragilady" ],
    "basculin": [ "Bargantua" ],
    "sandile": [ "Mascaïman" ],
    "krokorok": [ "Escroco" ],
    "krookodile": [ "Crocorible" ],
    "darumaka": [ "Darumarond" ],
    "darmanitan": [ "Darumacho" ],
    "maractus": [ "Maracachi" ],
    "dwebble": [ "Crabicoque" ],
    "crustle": [ "Crabaraque" ],
    "scraggy": [ "Baggiguane" ],
    "scrafty": [ "Baggaïd" ],
    "sigilyph": [ "Cryptéro" ],
    "yamask": [ "Tutafeh" ],
    "cofagrigus": [ "Tutankafer" ],
    "tirtouga": [ "Carapagos" ],
    "carracosta": [ "Mégapagos" ],
    "archen": [ "Arkéapti" ],
    "archeops": [ "Aéroptéryx" ],
    "trubbish": [ "Miamiasme" ],
    "garbodor": [ "Miasmax" ],
    "zorua": [ "Zorua" ],
    "zoroark": [ "Zoroark" ],
    "minccino": [ "Chinchidou" ],
    "cinccino": [ "Pashmilla" ],
    "gothita": [ "Scrutella" ],
    "gothorita": [ "Mesmérella" ],
    "gothitelle": [ "Sidérella" ],
    "solosis": [ "Nucléos" ],
    "duosion": [ "Méios" ],
    "reuniclus": [ "Symbios" ],
    "ducklett": [ "Couaneton" ],
    "swanna": [ "Lakmécygne" ],
    "vanillite": [ "Sorbébé" ],
    "vanillish": [ "Sorboul" ],
    "vanilluxe": [ "Sorbouboul" ],
    "deerling": [ "Vivaldaim" ],
    "sawsbuck": [ "Haydaim" ],
    "emolga": [ "Emolga" ],
    "karrablast": [ "Carabing" ],
    "escavalier": [ "Lançargot" ],
    "foongus": [ "Trompignon" ],
    "amoonguss": [ "Gaulet" ],
    "frillish": [ "Viskuse" ],
    "jellicent": [ "Moyade" ],
    "alomomola": [ "Mamanbo" ],
    "joltik": [ "Statitik" ],
    "galvantula": [ "Mygavolt" ],
    "ferroseed": [ "Grindur" ],
    "ferrothorn": [ "Noacier" ],
    "klink": [ "Tic" ],
    "klang": [ "Clic" ],
    "klinklang": [ "Cliticlic" ],
    "tynamo": [ "Anchwatt" ],
    "eelektrik": [ "Lampéroie" ],
    "eelektross": [ "Ohmassacre" ],
    "elgyem": [ "Lewsor" ],
    "beheeyem": [ "Neitram" ],
    "litwick": [ "Funécire" ],
    "lampent": [ "Mélancolux" ],
    "chandelure": [ "Lugulabre" ],
    "axew": [ "Coupenotte" ],
    "fraxure": [ "Incisache" ],
    "haxorus": [ "Tranchodon" ],
    "cubchoo": [ "Polarhume" ],
    "beartic": [ "Polagriffe" ],
    "cryogonal": [ "Hexagel" ],
    "shelmet": [ "Escargaume" ],
    "accelgor": [ "Limaspeed" ],
    "stunfisk": [ "Limonde" ],
    "mienfoo": [ "Kungfouine" ],
    "mienshao": [ "Shaofouine" ],
    "druddigon": [ "Drakkarmin" ],
    "golett": [ "Gringolem" ],
    "golurk": [ "Golemastoc" ],
    "pawniard": [ "Scalpion" ],
    "bisharp": [ "Scalproie" ],
    "bouffalant": [ "Frison" ],
    "rufflet": [ "Furaiglon" ],
    "braviary": [ "Gueriaigle" ],
    "vullaby": [ "Vostourno" ],
    "mandibuzz": [ "Vaututrice" ],
    "heatmor": [ "Aflamanoir" ],
    "durant": [ "Fermite" ],
    "deino": [ "Solochi" ],
    "zweilous": [ "Diamat" ],
    "hydreigon": [ "Trioxhydre" ],
    "larvesta": [ "Pyronille" ],
    "volcarona": [ "Pyrax" ],
    "cobalion": [ "Cobaltium" ],
    "terrakion": [ "Terrakium" ],
    "virizion": [ "Viridium" ],
    "tornadus": [ "Boréas" ],
    "thundurus": [ "Fulguris" ],
    "reshiram": [ "Reshiram" ],
    "zekrom": [ "Zekrom" ],
    "landorus": [ "Démétéros" ],
    "kyurem": [ "Kyurem" ],
    "keldeo": [ "Keldeo" ],
    "meloetta": [ "Meloetta" ],
    "genesect": [ "Genesect" ],
    "chespin": [ "Marisson" ],
    "quilladin": [ "Boguérisse" ],
    "chesnaught": [ "Blindépique" ],
    "fennekin": [ "Feunnec" ],
    "braixen": [ "Roussil" ],
    "delphox": [ "Goupelin" ],
    "froakie": [ "Grenousse" ],
    "frogadier": [ "Croâporal" ],
    "greninja": [ "Amphinobi" ],
    "bunnelby": [ "Sapereau" ],
    "diggersby": [ "Excavarenne" ],
    "fletchling": [ "Passerouge" ],
    "fletchinder": [ "Braisillon" ],
    "talonflame": [ "Flambusard" ],
    "scatterbug": [ "Lépidonille" ],
    "spewpa": [ "Pérégrain" ],
    "vivillon": [ "Prismillon" ],
    "litleo": [ "Hélionceau" ],
    "pyroar": [ "Némélios" ],
    "flabebe": [ "Flabébé" ],
    "floette": [ "Floette" ],
    "florges": [ "Florges" ],
    "skiddo": [ "Cabriolaine" ],
    "gogoat": [ "Chevroum" ],
    "pancham": [ "Pandespiègle" ],
    "pangoro": [ "Pandarbare" ],
    "furfrou": [ "Couafarel" ],
    "espurr": [ "Psystigri" ],
    "meowstic": [ "Mistigrix" ],
    "honedge": [ "Monorpale" ],
    "doublade": [ "Dimoclès" ],
    "aegislash": [ "Exagide" ],
    "spritzee": [ "Fluvetin" ],
    "aromatisse": [ "Cocotine" ],
    "swirlix": [ "Sucroquin" ],
    "slurpuff": [ "Cupcanaille" ],
    "inkay": [ "Sepiatop" ],
    "malamar": [ "Sepiatroce" ],
    "binacle": [ "Opermine" ],
    "barbaracle": [ "Golgopathe" ],
    "skrelp": [ "Venalgue" ],
    "dragalge": [ "Kravarech" ],
    "clauncher": [ "Flingouste" ],
    "clawitzer": [ "Gamblast" ],
    "helioptile": [ "Galvaran" ],
    "heliolisk": [ "Iguolta" ],
    "tyrunt": [ "Ptyranidur" ],
    "tyrantrum": [ "Rexillius" ],
    "amaura": [ "Amagara" ],
    "aurorus": [ "Dragmara" ],
    "sylveon": [ "Nymphali" ],
    "hawlucha": [ "Brutalibré" ],
    "dedenne": [ "Dedenne" ],
    "carbink": [ "Strassie" ],
    "goomy": [ "Mucuscule" ],
    "sliggoo": [ "Colimucus" ],
    "goodra": [ "Muplodocus" ],
    "klefki": [ "Trousselin" ],
    "phantump": [ "Brocélôme" ],
    "trevenant": [ "Desséliande" ],
    "pumpkaboo": [ "Pitrouille" ],
    "gourgeist": [ "Banshitrouye" ],
    "bergmite": [ "Grelaçon" ],
    "avalugg": [ "Séracrawl" ],
    "noibat": [ "Sonistrelle" ],
    "noivern": [ "Bruyverne" ],
    "xerneas": [ "Xerneas" ],
    "yveltal": [ "Yveltal" ],
    "zygarde": [ "Zygarde" ],
    "diancie": [ "Diancie" ],
    "hoopa": [ "Hoopa" ],
    "volcanion": [ "Volcanion" ],
    "rowlet": [ "Brindibou" ],
    "dartrix": [ "Efflèche" ],
    "decidueye": [ "Archéduc" ],
    "litten": [ "Flamiaou" ],
    "torracat": [ "Matoufeu" ],
    "incineroar": [ "Félinferno" ],
    "popplio": [ "Otaquin" ],
    "brionne": [ "Otarlette" ],
    "primarina": [ "Oratoria" ],
    "pikipek": [ "Picassaut" ],
    "trumbeak": [ "Piclairon" ],
    "toucannon": [ "Bazoucan" ],
    "yungoos": [ "Manglouton" ],
    "gumshoos": [ "Argouste" ],
    "grubbin": [ "Larvibule" ],
    "charjabug": [ "Chrysapile" ],
    "vikavolt": [ "Lucanon" ],
    "crabrawler": [ "Crabagarre" ],
    "crabominable": [ "Crabominable" ],
    "oricorio": [ "Plumeline" ],
    "cutiefly": [ "Bombydou" ],
    "ribombee": [ "Rubombelle" ],
    "rockruff": [ "Rocabot" ],
    "lycanroc": [ "Lougaroc" ],
    "wishiwashi": [ "Froussardine" ],
    "mareanie": [ "Vorastérie" ],
    "toxapex": [ "Prédastérie" ],
    "mudbray": [ "Tiboudet" ],
    "mudsdale": [ "Bourrinos" ],
    "dewpider": [ "Araqua" ],
    "araquanid": [ "Tarenbulle" ],
    "fomantis": [ "Mimantis" ],
    "lurantis": [ "Floramantis" ],
    "morelull": [ "Spododo" ],
    "shiinotic": [ "Lampignon" ],
    "salandit": [ "Tritox" ],
    "salazzle": [ "Malamandre" ],
    "stufful": [ "Nounourson" ],
    "bewear": [ "Chelours" ],
    "bounsweet": [ "Croquine" ],
    "steenee": [ "Candine" ],
    "tsareena": [ "Sucreine" ],
    "comfey": [ "Guérilande" ],
    "oranguru": [ "Gouroutan" ],
    "passimian": [ "Quartermac" ],
    "wimpod": [ "Sovkipou" ],
    "golisopod": [ "Sarmuraï" ],
    "sandygast": [ "Bacabouh" ],
    "palossand": [ "Trépassable" ],
    "pyukumuku": [ "Concombaffe" ],
    "type-null": [ "Type:0" ],
    "silvally": [ "Silvallié" ],
    "minior": [ "Météno" ],
    "komala": [ "Dodoala" ],
    "turtonator": [ "Boumata" ],
    "togedemaru": [ "Togedemaru" ],
    "mimikyu": [ "Mimiqui" ],
    "bruxish": [ "Denticrisse" ],
    "drampa": [ "Draïeul" ],
    "dhelmise": [ "Sinistrail" ],
    "jangmo-o": [ "Bébécaille" ],
    "hakamo-o": [ "Écaïd" ],
    "kommo-o": [ "Ékaïser" ],
    "tapu-koko": [ "Tokorico" ],
    "tapu-lele": [ "Tokopiyon" ],
    "tapu-bulu": [ "Tokotoro" ],
    "tapu-fini": [ "Tokopisco" ],
    "cosmog": [ "Cosmog" ],
    "cosmoem": [ "Cosmovum" ],
    "solgaleo": [ "Solgaleo" ],
    "lunala": [ "Lunala" ],
    "nihilego": [ "Zéroïd" ],
    "buzzwole": [ "Mouscoto" ],
    "pheromosa": [ "Cancrelove" ],
    "xurkitree": [ "Câblifère" ],
    "celesteela": [ "Bamboiselle" ],
    "kartana": [ "Katagami" ],
    "guzzlord": [ "Engloutyran" ],
    "necrozma": [ "Necrozma" ],
    "magearna": [ "Magearna" ],
    "marshadow": [ "Marshadow" ],
    "poipole": [ "Vémini" ],
    "naganadel": [ "Mandrillon" ],
    "stakataka": [ "Ama-Ama" ],
    "blacephalon": [ "Pierroteknik" ],
    "zeraora": [ "Zeraora" ],
    "meltan": [ "Meltan" ],
    "melmetal": [ "Melmetal" ],
    "grookey": [ "Ouistempo" ],
    "thwackey": [ "Badabouin" ],
    "rillaboom": [ "Gorythmic" ],
    "scorbunny": [ "Flambino" ],
    "raboot": [ "Lapyro" ],
    "cinderace": [ "Pyrobut" ],
    "sobble": [ "Larméléon" ],
    "drizzile": [ "Arrozard" ],
    "inteleon": [ "Lézargus" ],
    "skwovet": [ "Rongourmand" ],
    "greedent": [ "Rongrigou" ],
    "rookidee": [ "Minisange" ],
    "corvisquire": [ "Bleuseille" ],
    "corviknight": [ "Corvaillus" ],
    "blipbug": [ "Larvadar" ],
    "dottler": [ "Coléodôme" ],
    "orbeetle": [ "Astronelle" ],
    "nickit": [ "Goupilou" ],
    "thievul": [ "Roublenard" ],
    "gossifleur": [ "Tournicoton" ],
    "eldegoss": [ "Blancoton" ],
    "wooloo": [ "Moumouton" ],
    "dubwool": [ "Moumouflon" ],
    "chewtle": [ "Khélocrok" ],
    "drednaw": [ "Torgamord" ],
    "yamper": [ "Voltoutou" ],
    "boltund": [ "Fulgudog" ],
    "rolycoly": [ "Charbi" ],
    "carkol": [ "Wagomine" ],
    "coalossal": [ "Monthracite" ],
    "applin": [ "Verpom" ],
    "flapple": [ "Pomdrapi" ],
    "appletun": [ "Dratatin" ],
    "silicobra": [ "Dunaja" ],
    "sandaconda": [ "Dunaconda" ],
    "cramorant": [ "Nigosier" ],
    "arrokuda": [ "Embrochet" ],
    "barraskewda": [ "Hastacuda" ],
    "toxel": [ "Toxizap" ],
    "toxtricity": [ "Salarsen" ],
    "sizzlipede": [ "Grillepattes" ],
    "centiskorch": [ "Scolocendre" ],
    "clobbopus": [ "Poulpaf" ],
    "grapploct": [ "Krakos" ],
    "sinistea": [ "Théffroi" ],
    "polteageist": [ "Polthégeist" ],
    "hatenna": [ "Bibichut" ],
    "hattrem": [ "Chapotus" ],
    "hatterene": [ "Sorcilence" ],
    "impidimp": [ "Grimalin" ],
    "morgrem": [ "Fourbelin" ],
    "grimmsnarl": [ "Angoliath" ],
    "obstagoon": [ "Ixon" ],
    "perrserker": [ "Berserkatt" ],
    "cursola": [ "Corayôme" ],
    "sirfetch-d": [ "Palarticho" ],
    "mr-rime": [ "M. Glaquette" ],
    "runerigus": [ "Tutétékri" ],
    "milcery": [ "Crèmy" ],
    "alcremie": [ "Charmilly" ],
    "falinks": [ "Hexadron" ],
    "pincurchin": [ "Wattapik" ],
    "snom": [ "Frissonille" ],
    "frosmoth": [ "Beldeneige" ],
    "stonjourner": [ "Dolman" ],
    "eiscue": [ "Bekaglaçon" ],
    "indeedee": [ "Wimessir" ],
    "morpeko": [ "Morpeko" ],
    "cufant": [ "Charibari" ],
    "copperajah": [ "Pachyradjah" ],
    "dracozolt": [ "Galvagon" ],
    "arctozolt": [ "Galvagla" ],
    "dracovish": [ "Hydragon" ],
    "arctovish": [ "Hydragla" ],
    "duraludon": [ "Duralugon" ],
    "dreepy": [ "Fantyrm" ],
    "drakloak": [ "Dispareptil" ],
    "dragapult": [ "Lanssorien" ],
    "zacian": [ "Zacian" ],
    "zamazenta": [ "Zamazenta" ],
    "eternatus": [ "Éthernatos" ],
    "kubfu": [ "Wushours" ],
    "urshifu": [ "Shifours" ],
    "zarude": [ "Zarude" ],
    "regieleki": [ "Regieleki" ],
    "regidrago": [ "Regidrago" ],
    "glastrier": [ "Blizzeval" ],
    "spectrier": [ "Spectreval" ],
    "calyrex": [ "Sylveroy" ]
}
