﻿{
    "0-ProgramName": "ClothingBuyer",
    "1-Documentation": "Microcontroller/blob/master/Wiki/Programs/PokemonSwSh/ClothingBuyer.md",
    "2-Description": "Buy out all the clothing in a store.",
    "3-Parameters": [
        {
            "00-Type": "BooleanCheckBox",
            "01-Label": "<b>Rotate Categories:</b><br>This slows down the program, but ensures it will cover all categories.",
            "02-Declaration": "const bool CATEGORY_ROTATION",
            "98-Default": true,
            "99-Current": true
        }
    ]
}
