﻿{
    "0-ProgramName": "CurryHunter",
    "1-Documentation": "Microcontroller/blob/master/Wiki/Programs/PokemonSwSh/CurryHunter.md",
    "2-Description": "Cooks curry to attract Pokémon to your camp. This is a beta version.",
    "3-Parameters": [
        {
            "00-Type": "TimeExpression",
            "01-Label": "<b>Walk up Delay:</b><br>Wait this long for the Pokémon to walk up to you.",
            "02-Declaration": "const uint16_t WALK_UP_DELAY",
            "03-MinValue": 0,
            "04-MaxValue": 65535,
            "98-Default": "2 * TICKS_PER_SECOND",
            "99-Current": "2 * TICKS_PER_SECOND"
        },
        {
            "00-Type": "BooleanCheckBox",
            "01-Label": "<b>Take Videos:</b><br>Take a video after each cooking iteration. This will spam your album with videos.",
            "02-Declaration": "const bool TAKE_VIDEO",
            "98-Default": false,
            "99-Current": false
        },
        {
            "00-Type": "SimpleInteger",
            "01-Label": "<b>Iterations:</b><br># of cooking attempts.",
            "02-Declaration": "const uint32_t ITERATIONS",
            "03-MinValue": 0,
            "04-MaxValue": 2147483647,
            "98-Default": 999,
            "99-Current": 999
        }
    ]
}
