﻿{
    "0-ProgramName": "DateSpam-LotoFarmer",
    "1-Documentation": "Microcontroller/blob/master/Wiki/Programs/PokemonSwSh/DateSpam-LotoFarmer.md",
    "2-Description": "Farm the Loto ID.",
    "3-Parameters": [
        {
            "00-Type": "SimpleInteger",
            "01-Label": "<b>Number of Loto Attempts:</b>",
            "02-Declaration": "const uint32_t SKIPS",
            "03-MinValue": 0,
            "04-MaxValue": 2147483647,
            "98-Default": 100000,
            "99-Current": 100000
        },
        {
            "00-Type": "TimeExpression",
            "01-Label": "<b>Mash B for this long to exit the dialog:</b><br>(Some languages like German need to increase this.)",
            "02-Declaration": "const uint16_t MASH_B_DURATION",
            "03-MinValue": 0,
            "04-MaxValue": 65535,
            "98-Default": "9 * TICKS_PER_SECOND",
            "99-Current": "9 * TICKS_PER_SECOND"
        }
    ]
}
