﻿{
    "0-ProgramName": "DateSpam-DailyHighlightFarmer",
    "1-Documentation": "Microcontroller/blob/master/Wiki/Programs/PokemonSwSh/DateSpam-DailyHighlightFarmer.md",
    "2-Description": "Farm the daily highlight watt trader in Crown Tundra.",
    "3-Parameters": [
        {
            "00-Type": "SimpleInteger",
            "01-Label": "<b>Number of Purchase Attempts:</b>",
            "02-Declaration": "const uint32_t SKIPS",
            "03-MinValue": 0,
            "04-MaxValue": 2147483647,
            "98-Default": 100000,
            "99-Current": 100000
        },
        {
            "00-Type": "SimpleInteger",
            "01-Label": "<b>Save Every this Many Fetches:</b><br>(zero disables saving)",
            "02-Declaration": "const uint16_t SAVE_ITERATIONS",
            "03-MinValue": 0,
            "04-MaxValue": 65535,
            "98-Default": 0,
            "99-Current": 0
        }
    ]
}
