﻿{
    "0-ProgramName": "DaySkipperJPN",
    "1-Documentation": "Microcontroller/blob/master/Wiki/Programs/PokemonSwSh/DaySkipperJPN.md",
    "2-Description": "A day skipper for Japanese date format. (7600 skips/hour)",
    "3-Parameters": [
        {
            "00-Type": "SimpleInteger",
            "01-Label": "<b>Number of Frame Skips:</b>",
            "02-Declaration": "const uint32_t SKIPS",
            "03-MinValue": 0,
            "04-MaxValue": 2147483647,
            "98-Default": 10,
            "99-Current": 10
        },
        {
            "00-Type": "Divider",
            "01-Label": "<font size=4><b>Advanced Options:</b> You should not need to touch anything below here.</font>"
        },
        {
            "00-Type": "SimpleInteger",
            "01-Label": "<b>Auto-Correct Interval:</b><br>Run auto-recovery every this # of skips. Zero disables the auto-corrections.",
            "02-Declaration": "const uint16_t CORRECTION_SKIPS",
            "03-MinValue": 0,
            "04-MaxValue": 65535,
            "98-Default": 1000,
            "99-Current": 1000
        }
    ]
}
