﻿{
    "0-ProgramName": "MultiGameFossil",
    "1-Documentation": "Microcontroller/blob/master/Wiki/Programs/PokemonSwSh/MultiGameFossil.md",
    "2-Description": "Revive fossils. Supports multiple saves so you can go afk for longer than 5 hours.",
    "3-Parameters": [
        {
            "00-Type": "FossilTable",
            "01-Label": "<b>Game List:</b>",
            "02-Declaration": "const Batch BATCH[]",
            "98-Default": [
                {
                    "fossil": "Dracovish",
                    "game_slot": 1,
                    "revives": 960,
                    "user_slot": 1
                }
            ],
            "99-Current": [
                {
                    "fossil": "Dracovish",
                    "game_slot": 1,
                    "revives": 960,
                    "user_slot": 1
                }
            ]
        }
    ]
}
