﻿{
    "0-ProgramName": "ShinyHuntUnattended-SwordsOfJustice",
    "1-Documentation": "Microcontroller/blob/master/Wiki/Programs/PokemonSwSh/ShinyHuntUnattended-SwordsOfJustice.md",
    "2-Description": "Hunt for shiny SOJs. Stop when a shiny is found.",
    "3-Parameters": [
        {
            "00-Type": "TimeExpression",
            "01-Label": "<b>Exit Camp to Run Delay:</b><br>This needs to be carefully calibrated.",
            "02-Declaration": "const uint16_t EXIT_CAMP_TO_RUN_DELAY",
            "03-MinValue": 0,
            "04-MaxValue": 65535,
            "98-Default": "1890",
            "99-Current": "1890"
        },
        {
            "00-Type": "BooleanCheckBox",
            "01-Label": "<b>Airplane Mode:</b><br>Enable if airplane mode is on.",
            "02-Declaration": "const bool AIRPLANE_MODE",
            "98-Default": false,
            "99-Current": false
        },
        {
            "00-Type": "SimpleInteger",
            "01-Label": "<b>Time Rollback (in hours):</b><br>Periodically roll back the time to keep the weather the same. If set to zero, this feature is disabled.",
            "02-Declaration": "const uint8_t TIME_ROLLBACK_HOURS",
            "03-MinValue": 0,
            "04-MaxValue": 11,
            "98-Default": 1,
            "99-Current": 1
        },
        {
            "00-Type": "Divider",
            "01-Label": "<font size=4><b>Advanced Options:</b> You should not need to touch anything below here.</font>"
        },
        {
            "00-Type": "TimeExpression",
            "01-Label": "<b>Enter Camp Delay:</b>",
            "02-Declaration": "const uint16_t ENTER_CAMP_DELAY",
            "03-MinValue": 0,
            "04-MaxValue": 65535,
            "98-Default": "8 * TICKS_PER_SECOND",
            "99-Current": "8 * TICKS_PER_SECOND"
        }
    ]
}
