﻿{
    "0-ConfigName": "FrameworkSettings",
    "1-ConfigPath": "NintendoSwitch",
    "2-Documentation": "Microcontroller/blob/master/Wiki/Programs/NintendoSwitch/FrameworkSettings.md",
    "3-Description": "Global Framework Settings",
    "4-Header": "Libraries/FrameworkSettings.h",
    "5-Options": [
        {
            "00-Type": "TimeExpression",
            "01-Label": "<b>Connection Controller Delay:</b><br>Wait this long before starting the program. The LEDs normally flash during this time.",
            "02-Declaration": "uint16_t CONNECT_CONTROLLER_DELAY",
            "03-MinValue": 0,
            "04-MaxValue": 65535,
            "98-Default": "5 * TICKS_PER_SECOND",
            "99-Current": "5 * TICKS_PER_SECOND"
        },
        {
            "00-Type": "TimeExpression",
            "01-Label": "<b>Settings to Home Delay:</b><br>Delay from pressing home anywhere in the settings to return to the home menu.",
            "02-Declaration": "uint16_t SETTINGS_TO_HOME_DELAY",
            "03-MinValue": 0,
            "04-MaxValue": 65535,
            "98-Default": "120",
            "99-Current": "120"
        },
        {
            "00-Type": "BooleanCheckBox",
            "01-Label": "<b>Start Game Requires Internet:</b><br>Set this to true if starting the game requires checking the internet. Otherwise, programs that require soft-resetting may not work properly.",
            "02-Declaration": "bool START_GAME_REQUIRES_INTERNET",
            "98-Default": false,
            "99-Current": false
        },
        {
            "00-Type": "TimeExpression",
            "01-Label": "<b>Start Game Internet Check Delay:</b><br>If starting the game requires checking the internet, wait this long for it.",
            "02-Declaration": "uint16_t START_GAME_INTERNET_CHECK_DELAY",
            "03-MinValue": 0,
            "04-MaxValue": 65535,
            "98-Default": "3 * TICKS_PER_SECOND",
            "99-Current": "3 * TICKS_PER_SECOND"
        },
        {
            "00-Type": "BooleanCheckBox",
            "01-Label": "<b>Tolerate System Update Menu (fast):</b><br>Some programs can bypass the system update menu at little performance cost. Setting this to true enables this.",
            "02-Declaration": "bool TOLERATE_SYSTEM_UPDATE_MENU_FAST",
            "98-Default": true,
            "99-Current": true
        },
        {
            "00-Type": "BooleanCheckBox",
            "01-Label": "<b>Tolerate System Update Menu (slow):</b><br>Some programs can bypass the system update menu, but will take a noticeable performance hit. Setting this to true enables this.",
            "02-Declaration": "bool TOLERATE_SYSTEM_UPDATE_MENU_SLOW",
            "98-Default": false,
            "99-Current": false
        }
    ]
}
