{
    "chlorophyll": {
        "ja-Hrkt": "\u3088\u3046\u308a\u3087\u304f\u305d",
        "ko": "\uc5fd\ub85d\uc18c",
        "zh-Hant": "\u8449\u7da0\u7d20",
        "fr": "Chlorophylle",
        "de": "Chlorophyll",
        "es": "Clorofila",
        "it": "Clorofilla",
        "en": "Chlorophyll",
        "ja": "\u3088\u3046\u308a\u3087\u304f\u305d",
        "zh-Hans": "\u53f6\u7eff\u7d20"
    },
    "solar-power": {
        "ja-Hrkt": "\u30b5\u30f3\u30d1\u30ef\u30fc",
        "ko": "\uc120\ud30c\uc6cc",
        "zh-Hant": "\u592a\u967d\u4e4b\u529b",
        "fr": "Force Soleil",
        "de": "Solarkraft",
        "es": "Poder Solar",
        "it": "Solarpotere",
        "en": "Solar Power",
        "ja": "\u30b5\u30f3\u30d1\u30ef\u30fc",
        "zh-Hans": "\u592a\u9633\u4e4b\u529b"
    },
    "rain-dish": {
        "ja-Hrkt": "\u3042\u3081\u3046\u3051\u3056\u3089",
        "ko": "\uc816\uc740\uc811\uc2dc",
        "zh-Hant": "\u96e8\u76e4",
        "fr": "Cuvette",
        "de": "Regengenuss",
        "es": "Cura Lluvia",
        "it": "Copripioggia",
        "en": "Rain Dish",
        "ja": "\u3042\u3081\u3046\u3051\u3056\u3089",
        "zh-Hans": "\u96e8\u76d8"
    },
    "tinted-lens": {
        "ja-Hrkt": "\u3044\u308d\u3081\u304c\u306d",
        "ko": "\uc0c9\uc548\uacbd",
        "zh-Hant": "\u6709\u8272\u773c\u93e1",
        "fr": "Lentiteint\u00e9e",
        "de": "Aufwertung",
        "es": "Cromolente",
        "it": "Lentifum\u00e9",
        "en": "Tinted Lens",
        "ja": "\u3044\u308d\u3081\u304c\u306d",
        "zh-Hans": "\u6709\u8272\u773c\u955c"
    },
    "lightning-rod": {
        "ja-Hrkt": "\u3072\u3089\u3044\u3057\u3093",
        "ko": "\ud53c\ub8b0\uce68",
        "zh-Hant": "\u907f\u96f7\u91dd",
        "fr": "Paratonnerre",
        "de": "Blitzf\u00e4nger",
        "es": "Pararrayos",
        "it": "Parafulmine",
        "en": "Lightning Rod",
        "ja": "\u3072\u3089\u3044\u3057\u3093",
        "zh-Hans": "\u907f\u96f7\u9488"
    },
    "surge-surfer": {
        "ja-Hrkt": "\u30b5\u30fc\u30d5\u30c6\u30fc\u30eb",
        "ko": "\uc11c\ud551\ud14c\uc77c",
        "zh-Hant": "\u885d\u6d6a\u4e4b\u5c3e",
        "fr": "Surf Caudal",
        "de": "Surf-Schweif",
        "es": "Cola Surf",
        "it": "Codasurf",
        "en": "Surge Surfer",
        "ja": "\u30b5\u30fc\u30d5\u30c6\u30fc\u30eb",
        "zh-Hans": "\u51b2\u6d6a\u4e4b\u5c3e"
    },
    "sand-veil": {
        "ja-Hrkt": "\u3059\u306a\u304c\u304f\u308c",
        "ko": "\ubaa8\ub798\uc228\uae30",
        "zh-Hant": "\u6c99\u96b1",
        "fr": "Voile Sable",
        "de": "Sandschleier",
        "es": "Velo Arena",
        "it": "Sabbiavelo",
        "en": "Sand Veil",
        "ja": "\u3059\u306a\u304c\u304f\u308c",
        "zh-Hans": "\u6c99\u9690"
    },
    "snow-cloak": {
        "ja-Hrkt": "\u3086\u304d\u304c\u304f\u308c",
        "ko": "\ub208\uc228\uae30",
        "zh-Hant": "\u96ea\u96b1",
        "fr": "Rideau Neige",
        "de": "Schneemantel",
        "es": "Manto N\u00edveo",
        "it": "Mantelneve",
        "en": "Snow Cloak",
        "ja": "\u3086\u304d\u304c\u304f\u308c",
        "zh-Hans": "\u96ea\u9690"
    },
    "poison-point": {
        "ja-Hrkt": "\u3069\u304f\u306e\u30c8\u30b2",
        "ko": "\ub3c5\uac00\uc2dc",
        "zh-Hant": "\u6bd2\u523a",
        "fr": "Point Poison",
        "de": "Giftdorn",
        "es": "Punto T\u00f3xico",
        "it": "Velenopunto",
        "en": "Poison Point",
        "ja": "\u3069\u304f\u306e\u30c8\u30b2",
        "zh-Hans": "\u6bd2\u523a"
    },
    "rivalry": {
        "ja-Hrkt": "\u3068\u3046\u305d\u3046\u3057\u3093",
        "ko": "\ud22c\uc7c1\uc2ec",
        "zh-Hant": "\u9b25\u722d\u5fc3",
        "fr": "Rivalit\u00e9",
        "de": "Rivalit\u00e4t",
        "es": "Rivalidad",
        "it": "Antagonismo",
        "en": "Rivalry",
        "ja": "\u3068\u3046\u305d\u3046\u3057\u3093",
        "zh-Hans": "\u6597\u4e89\u5fc3"
    },
    "friend-guard": {
        "ja-Hrkt": "\u30d5\u30ec\u30f3\u30c9\u30ac\u30fc\u30c9",
        "ko": "\ud504\ub80c\ub4dc\uac00\ub4dc",
        "zh-Hant": "\u53cb\u60c5\u9632\u5b88",
        "fr": "Garde-Ami",
        "de": "Freundeshut",
        "es": "Compiescolta",
        "it": "Amicoscudo",
        "en": "Friend Guard",
        "ja": "\u30d5\u30ec\u30f3\u30c9\u30ac\u30fc\u30c9",
        "zh-Hans": "\u53cb\u60c5\u9632\u5b88"
    },
    "magic-guard": {
        "ja-Hrkt": "\u30de\u30b8\u30c3\u30af\u30ac\u30fc\u30c9",
        "ko": "\ub9e4\uc9c1\uac00\ub4dc",
        "zh-Hant": "\u9b54\u6cd5\u9632\u5b88",
        "fr": "Garde Magik",
        "de": "Magieschild",
        "es": "Muro M\u00e1gico",
        "it": "Magicscudo",
        "en": "Magic Guard",
        "ja": "\u30de\u30b8\u30c3\u30af\u30ac\u30fc\u30c9",
        "zh-Hans": "\u9b54\u6cd5\u9632\u5b88"
    },
    "competitive": {
        "ja-Hrkt": "\u304b\u3061\u304d",
        "ko": "\uc2b9\uae30",
        "zh-Hant": "\u597d\u52dd",
        "fr": "Battant",
        "de": "Unbeugsamkeit",
        "es": "Tenacidad",
        "it": "Tenacia",
        "en": "Competitive",
        "ja": "\u304b\u3061\u304d",
        "zh-Hans": "\u597d\u80dc"
    },
    "sand-force": {
        "ja-Hrkt": "\u3059\u306a\u306e\u3061\u304b\u3089",
        "ko": "\ubaa8\ub798\uc758\ud798",
        "zh-Hant": "\u6c99\u4e4b\u529b",
        "fr": "Force Sable",
        "de": "Sandgewalt",
        "es": "Poder Arena",
        "it": "Silicoforza",
        "en": "Sand Force",
        "ja": "\u3059\u306a\u306e\u3061\u304b\u3089",
        "zh-Hans": "\u6c99\u4e4b\u529b"
    },
    "technician": {
        "ja-Hrkt": "\u30c6\u30af\u30cb\u30b7\u30e3\u30f3",
        "ko": "\ud14c\ud06c\ub2c8\uc158",
        "zh-Hant": "\u6280\u8853\u9ad8\u624b",
        "fr": "Technicien",
        "de": "Techniker",
        "es": "Experto",
        "it": "Tecnico",
        "en": "Technician",
        "ja": "\u30c6\u30af\u30cb\u30b7\u30e3\u30f3",
        "zh-Hans": "\u6280\u672f\u9ad8\u624b"
    },
    "fur-coat": {
        "ja-Hrkt": "\u30d5\u30a1\u30fc\u30b3\u30fc\u30c8",
        "ko": "\ud37c\ucf54\ud2b8",
        "zh-Hant": "\u6bdb\u76ae\u5927\u8863",
        "fr": "Toison \u00c9paisse",
        "de": "Fellkleid",
        "es": "Pelaje Recio",
        "it": "Foltopelo",
        "en": "Fur Coat",
        "ja": "\u30d5\u30a1\u30fc\u30b3\u30fc\u30c8",
        "zh-Hans": "\u6bdb\u76ae\u5927\u8863"
    },
    "swift-swim": {
        "ja-Hrkt": "\u3059\u3044\u3059\u3044",
        "ko": "\uc4f1\uc4f1",
        "zh-Hant": "\u60a0\u6e38\u81ea\u5982",
        "fr": "Glissade",
        "de": "Wassertempo",
        "es": "Nado R\u00e1pido",
        "it": "Nuotovelox",
        "en": "Swift Swim",
        "ja": "\u3059\u3044\u3059\u3044",
        "zh-Hans": "\u60a0\u6e38\u81ea\u5982"
    },
    "water-absorb": {
        "ja-Hrkt": "\u3061\u3087\u3059\u3044",
        "ko": "\uc800\uc218",
        "zh-Hant": "\u5132\u6c34",
        "fr": "Absorbe-Eau",
        "de": "H2O-Absorber",
        "es": "Absorbe Agua",
        "it": "Assorbacqua",
        "en": "Water Absorb",
        "ja": "\u3061\u3087\u3059\u3044",
        "zh-Hans": "\u50a8\u6c34"
    },
    "no-guard": {
        "ja-Hrkt": "\u30ce\u30fc\u30ac\u30fc\u30c9",
        "ko": "\ub178\uac00\ub4dc",
        "zh-Hant": "\u7121\u9632\u5b88",
        "fr": "Annule Garde",
        "de": "Schildlos",
        "es": "Indefenso",
        "it": "Nullodifesa",
        "en": "No Guard",
        "ja": "\u30ce\u30fc\u30ac\u30fc\u30c9",
        "zh-Hans": "\u65e0\u9632\u5b88"
    },
    "clear-body": {
        "ja-Hrkt": "\u30af\u30ea\u30a2\u30dc\u30c7\u30a3",
        "ko": "\ud074\ub9ac\uc5b4\ubc14\ub514",
        "zh-Hant": "\u6046\u6de8\u4e4b\u8ec0",
        "fr": "Corps Sain",
        "de": "Neutraltorso",
        "es": "Cuerpo Puro",
        "it": "Corpochiaro",
        "en": "Clear Body",
        "ja": "\u30af\u30ea\u30a2\u30dc\u30c7\u30a3",
        "zh-Hans": "\u6052\u51c0\u4e4b\u8eaf"
    },
    "own-tempo": {
        "ja-Hrkt": "\u30de\u30a4\u30da\u30fc\u30b9",
        "ko": "\ub9c8\uc774\ud398\uc774\uc2a4",
        "zh-Hant": "\u6211\u884c\u6211\u7d20",
        "fr": "Tempo Perso",
        "de": "Tempomacher",
        "es": "Ritmo Propio",
        "it": "Mente Locale",
        "en": "Own Tempo",
        "ja": "\u30de\u30a4\u30da\u30fc\u30b9",
        "zh-Hans": "\u6211\u884c\u6211\u7d20"
    },
    "analytic": {
        "ja-Hrkt": "\u30a2\u30ca\u30e9\u30a4\u30ba",
        "ko": "\uc560\ub110\ub77c\uc774\uc988",
        "zh-Hant": "\u5206\u6790",
        "fr": "Analyste",
        "de": "Analyse",
        "es": "C\u00e1lculo Final",
        "it": "Ponderazione",
        "en": "Analytic",
        "ja": "\u30a2\u30ca\u30e9\u30a4\u30ba",
        "zh-Hans": "\u5206\u6790"
    },
    "levitate": {
        "ja-Hrkt": "\u3075\u3086\u3046",
        "ko": "\ubd80\uc720",
        "zh-Hant": "\u98c4\u6d6e",
        "fr": "L\u00e9vitation",
        "de": "Schwebe",
        "es": "Levitaci\u00f3n",
        "it": "Levitazione",
        "en": "Levitate",
        "ja": "\u3075\u3086\u3046",
        "zh-Hans": "\u98d8\u6d6e"
    },
    "hyper-cutter": {
        "ja-Hrkt": "\u304b\u3044\u308a\u304d\u30d0\u30b5\u30df",
        "ko": "\uad34\ub825\uc9d1\uac8c",
        "zh-Hant": "\u602a\u529b\u9257",
        "fr": "Hyper Cutter",
        "de": "Scherenmacht",
        "es": "Corte Fuerte",
        "it": "Ipertaglio",
        "en": "Hyper Cutter",
        "ja": "\u304b\u3044\u308a\u304d\u30d0\u30b5\u30df",
        "zh-Hans": "\u602a\u529b\u94b3"
    },
    "harvest": {
        "ja-Hrkt": "\u3057\u3085\u3046\u304b\u304f",
        "ko": "\uc218\ud655",
        "zh-Hant": "\u6536\u7a6b",
        "fr": "R\u00e9colte",
        "de": "Reiche Ernte",
        "es": "Cosecha",
        "it": "Coglibacche",
        "en": "Harvest",
        "ja": "\u3057\u3085\u3046\u304b\u304f",
        "zh-Hans": "\u6536\u83b7"
    },
    "battle-armor": {
        "ja-Hrkt": "\u30ab\u30d6\u30c8\u30a2\u30fc\u30de\u30fc",
        "ko": "\uc804\ud22c\ubb34\uc7a5",
        "zh-Hant": "\u6230\u9b25\u76d4\u7532",
        "fr": "Armurbaston",
        "de": "Kampfpanzer",
        "es": "Armadura Batalla",
        "it": "Lottascudo",
        "en": "Battle Armor",
        "ja": "\u30ab\u30d6\u30c8\u30a2\u30fc\u30de\u30fc",
        "zh-Hans": "\u6218\u6597\u76d4\u7532"
    },
    "rock-head": {
        "ja-Hrkt": "\u3044\u3057\u3042\u305f\u307e",
        "ko": "\ub3cc\uba38\ub9ac",
        "zh-Hant": "\u5805\u786c\u8166\u888b",
        "fr": "T\u00eate de Roc",
        "de": "Steinhaupt",
        "es": "Cabeza Roca",
        "it": "Testadura",
        "en": "Rock Head",
        "ja": "\u3044\u3057\u3042\u305f\u307e",
        "zh-Hans": "\u575a\u786c\u8111\u888b"
    },
    "limber": {
        "ja-Hrkt": "\u3058\u3085\u3046\u306a\u3093",
        "ko": "\uc720\uc5f0",
        "zh-Hant": "\u67d4\u8edf",
        "fr": "\u00c9chauffement",
        "de": "Flexibilit\u00e4t",
        "es": "Flexibilidad",
        "it": "Scioltezza",
        "en": "Limber",
        "ja": "\u3058\u3085\u3046\u306a\u3093",
        "zh-Hans": "\u67d4\u8f6f"
    },
    "iron-fist": {
        "ja-Hrkt": "\u3066\u3064\u306e\u3053\u3076\u3057",
        "ko": "\ucca0\uc8fc\uba39",
        "zh-Hant": "\u9435\u62f3",
        "fr": "Poing de Fer",
        "de": "Eisenfaust",
        "es": "Pu\u00f1o F\u00e9rreo",
        "it": "Ferropugno",
        "en": "Iron Fist",
        "ja": "\u3066\u3064\u306e\u3053\u3076\u3057",
        "zh-Hans": "\u94c1\u62f3"
    },
    "oblivious": {
        "ja-Hrkt": "\u3069\u3093\u304b\u3093",
        "ko": "\ub454\uac10",
        "zh-Hant": "\u9072\u920d",
        "fr": "Ben\u00eat",
        "de": "D\u00f6sigkeit",
        "es": "Despiste",
        "it": "Indifferenza",
        "en": "Oblivious",
        "ja": "\u3069\u3093\u304b\u3093",
        "zh-Hans": "\u8fdf\u949d"
    },
    "neutralizing-gas": {
        "ko": "\ud654\ud559\ubcc0\ud654\uac00\uc2a4",
        "zh-Hant": "\u5316\u5b78\u8b8a\u5316\u6c23\u9ad4",
        "fr": "Gaz Inhibiteur",
        "de": "Reaktionsgas",
        "es": "Gas Reactivo",
        "it": "Gas Reagente",
        "en": "Neutralizing Gas",
        "pt-BR": "G\u00e1s Neutralizador"
    },
    "misty-surge": {
        "ja-Hrkt": "\u30df\u30b9\u30c8\u30e1\u30a4\u30ab\u30fc",
        "ko": "\ubbf8\uc2a4\ud2b8\uba54\uc774\ucee4",
        "zh-Hant": "\u8584\u9727\u88fd\u9020\u8005",
        "fr": "Cr\u00e9a-Brume",
        "de": "Nebel-Erzeuger",
        "es": "Nebulog\u00e9nesis",
        "it": "Nebbiogenesi",
        "en": "Misty Surge",
        "ja": "\u30df\u30b9\u30c8\u30e1\u30a4\u30ab\u30fc",
        "zh-Hans": "\u8584\u96fe\u5236\u9020\u8005"
    },
    "healer": {
        "ja-Hrkt": "\u3044\u3084\u3057\u306e\u3053\u3053\u308d",
        "ko": "\uce58\uc720\uc758\ub9c8\uc74c",
        "zh-Hant": "\u6cbb\u7652\u4e4b\u5fc3",
        "fr": "C\u0153ur Soin",
        "de": "Heilherz",
        "es": "Alma Cura",
        "it": "Curacuore",
        "en": "Healer",
        "ja": "\u3044\u3084\u3057\u306e\u3053\u3053\u308d",
        "zh-Hans": "\u6cbb\u6108\u4e4b\u5fc3"
    },
    "leaf-guard": {
        "ja-Hrkt": "\u30ea\u30fc\u30d5\u30ac\u30fc\u30c9",
        "ko": "\ub9ac\ud504\uac00\ub4dc",
        "zh-Hant": "\u8449\u5b50\u9632\u5b88",
        "fr": "Feuille Garde",
        "de": "Floraschild",
        "es": "Defensa Hoja",
        "it": "Fogliamanto",
        "en": "Leaf Guard",
        "ja": "\u30ea\u30fc\u30d5\u30ac\u30fc\u30c9",
        "zh-Hans": "\u53f6\u5b50\u9632\u5b88"
    },
    "early-bird": {
        "ja-Hrkt": "\u306f\u3084\u304a\u304d",
        "ko": "\uc77c\ucc0d\uae30\uc0c1",
        "zh-Hant": "\u65e9\u8d77",
        "fr": "Matinal",
        "de": "Fr\u00fchwecker",
        "es": "Madrugar",
        "it": "Sveglialampo",
        "en": "Early Bird",
        "ja": "\u306f\u3084\u304a\u304d",
        "zh-Hans": "\u65e9\u8d77"
    },
    "sniper": {
        "ja-Hrkt": "\u30b9\u30ca\u30a4\u30d1\u30fc",
        "ko": "\uc2a4\ub098\uc774\ud37c",
        "zh-Hant": "\u72d9\u64ca\u624b",
        "fr": "Sniper",
        "de": "Supersch\u00fctze",
        "es": "Francotirador",
        "it": "Cecchino",
        "en": "Sniper",
        "ja": "\u30b9\u30ca\u30a4\u30d1\u30fc",
        "zh-Hans": "\u72d9\u51fb\u624b"
    },
    "water-veil": {
        "ja-Hrkt": "\u307f\u305a\u306e\u30d9\u30fc\u30eb",
        "ko": "\uc218\uc758\ubca0\uc77c",
        "zh-Hant": "\u6c34\u5e55",
        "fr": "Ignifu-Voile",
        "de": "Aquah\u00fclle",
        "es": "Velo Agua",
        "it": "Idrovelo",
        "en": "Water Veil",
        "ja": "\u307f\u305a\u306e\u30d9\u30fc\u30eb",
        "zh-Hans": "\u6c34\u5e55"
    },
    "filter": {
        "ja-Hrkt": "\u30d5\u30a3\u30eb\u30bf\u30fc",
        "ko": "\ud544\ud130",
        "zh-Hant": "\u904e\u6ffe",
        "fr": "Filtre",
        "de": "Filter",
        "es": "Filtro",
        "it": "Filtro",
        "en": "Filter",
        "ja": "\u30d5\u30a3\u30eb\u30bf\u30fc",
        "zh-Hans": "\u8fc7\u6ee4"
    },
    "ice-body": {
        "ja-Hrkt": "\u30a2\u30a4\u30b9\u30dc\u30c7\u30a3",
        "ko": "\uc544\uc774\uc2a4\ubc14\ub514",
        "zh-Hant": "\u51b0\u51cd\u4e4b\u8ec0",
        "fr": "Corps Gel",
        "de": "Eishaut",
        "es": "G\u00e9lido",
        "it": "Corpogelo",
        "en": "Ice Body",
        "ja": "\u30a2\u30a4\u30b9\u30dc\u30c7\u30a3",
        "zh-Hans": "\u51b0\u51bb\u4e4b\u8eaf"
    },
    "dry-skin": {
        "ja-Hrkt": "\u304b\u3093\u305d\u3046\u306f\u3060",
        "ko": "\uac74\uc870\ud53c\ubd80",
        "zh-Hant": "\u4e7e\u71e5\u76ae\u819a",
        "fr": "Peau S\u00e8che",
        "de": "Trockenheit",
        "es": "Piel Seca",
        "it": "Pellearsa",
        "en": "Dry Skin",
        "ja": "\u304b\u3093\u305d\u3046\u306f\u3060",
        "zh-Hans": "\u5e72\u71e5\u76ae\u80a4"
    },
    "vital-spirit": {
        "ja-Hrkt": "\u3084\u308b\u304d",
        "ko": "\uc758\uae30\uc591\uc591",
        "zh-Hant": "\u5e79\u52c1",
        "fr": "Esprit Vital",
        "de": "Munterkeit",
        "es": "Esp\u00edritu Vital",
        "it": "Spiritovivo",
        "en": "Vital Spirit",
        "ja": "\u3084\u308b\u304d",
        "zh-Hans": "\u5e72\u52b2"
    },
    "anger-point": {
        "ja-Hrkt": "\u3044\u304b\u308a\u306e\u3064\u307c",
        "ko": "\ubd84\ub178\uc758\uacbd\ud608",
        "zh-Hant": "\u61a4\u6012\u7a74\u4f4d",
        "fr": "Col\u00e9rique",
        "de": "Kurzschluss",
        "es": "Irascible",
        "it": "Grancollera",
        "en": "Anger Point",
        "ja": "\u3044\u304b\u308a\u306e\u3064\u307c",
        "zh-Hans": "\u6124\u6012\u7a74\u4f4d"
    },
    "imposter": {
        "ja-Hrkt": "\u304b\u308f\u308a\u3082\u306e",
        "ko": "\uad34\uc9dc",
        "zh-Hant": "\u8b8a\u8eab\u8005",
        "fr": "Imposteur",
        "de": "Doppelg\u00e4nger",
        "es": "Impostor",
        "it": "Sosia",
        "en": "Imposter",
        "ja": "\u304b\u308f\u308a\u3082\u306e",
        "zh-Hans": "\u53d8\u8eab\u8005"
    },
    "volt-absorb": {
        "ja-Hrkt": "\u3061\u304f\u3067\u3093",
        "ko": "\ucd95\uc804",
        "zh-Hant": "\u84c4\u96fb",
        "fr": "Absorbe-Volt",
        "de": "Voltabsorber",
        "es": "Absorbe Elec",
        "it": "Assorbivolt",
        "en": "Volt Absorb",
        "ja": "\u3061\u304f\u3067\u3093",
        "zh-Hans": "\u84c4\u7535"
    },
    "flash-fire": {
        "ja-Hrkt": "\u3082\u3089\u3044\u3073",
        "ko": "\ud0c0\uc624\ub974\ub294\ubd88\uaf43",
        "zh-Hant": "\u5f15\u706b",
        "fr": "Torche",
        "de": "Feuerf\u00e4nger",
        "es": "Absorbe Fuego",
        "it": "Fuocardore",
        "en": "Flash Fire",
        "ja": "\u3082\u3089\u3044\u3073",
        "zh-Hans": "\u5f15\u706b"
    },
    "download": {
        "ja-Hrkt": "\u30c0\u30a6\u30f3\u30ed\u30fc\u30c9",
        "ko": "\ub2e4\uc6b4\ub85c\ub4dc",
        "zh-Hant": "\u4e0b\u8f09",
        "fr": "T\u00e9l\u00e9charge",
        "de": "Download",
        "es": "Descarga",
        "it": "Download",
        "en": "Download",
        "ja": "\u30c0\u30a6\u30f3\u30ed\u30fc\u30c9",
        "zh-Hans": "\u4e0b\u8f7d"
    },
    "shed-skin": {
        "ja-Hrkt": "\u3060\u3063\u3074",
        "ko": "\ud0c8\ud53c",
        "zh-Hant": "\u86fb\u76ae",
        "fr": "Mue",
        "de": "Expidermis",
        "es": "Mudar",
        "it": "Muta",
        "en": "Shed Skin",
        "ja": "\u3060\u3063\u3074",
        "zh-Hans": "\u8715\u76ae"
    },
    "serene-grace": {
        "ja-Hrkt": "\u3066\u3093\u306e\u3081\u3050\u307f",
        "ko": "\ud558\ub298\uc758\uc740\ucd1d",
        "zh-Hant": "\u5929\u6069",
        "fr": "S\u00e9r\u00e9nit\u00e9",
        "de": "Edelmut",
        "es": "Dicha",
        "it": "Leggiadro",
        "en": "Serene Grace",
        "ja": "\u3066\u3093\u306e\u3081\u3050\u307f",
        "zh-Hans": "\u5929\u6069"
    },
    "magic-bounce": {
        "ja-Hrkt": "\u30de\u30b8\u30c3\u30af\u30df\u30e9\u30fc",
        "ko": "\ub9e4\uc9c1\ubbf8\ub7ec",
        "zh-Hant": "\u9b54\u6cd5\u93e1",
        "fr": "Miroir Magik",
        "de": "Magiespiegel",
        "es": "Espejo M\u00e1gico",
        "it": "Magispecchio",
        "en": "Magic Bounce",
        "ja": "\u30de\u30b8\u30c3\u30af\u30df\u30e9\u30fc",
        "zh-Hans": "\u9b54\u6cd5\u955c"
    },
    "sap-sipper": {
        "ja-Hrkt": "\u305d\u3046\u3057\u3087\u304f",
        "ko": "\ucd08\uc2dd",
        "zh-Hant": "\u98df\u8349",
        "fr": "Herbivore",
        "de": "Vegetarier",
        "es": "Herb\u00edvoro",
        "it": "Mangiaerba",
        "en": "Sap Sipper",
        "ja": "\u305d\u3046\u3057\u3087\u304f",
        "zh-Hans": "\u98df\u8349"
    },
    "sturdy": {
        "ja-Hrkt": "\u304c\u3093\u3058\u3087\u3046",
        "ko": "\uc639\uace8\ucc38",
        "zh-Hant": "\u7d50\u5be6",
        "fr": "Fermet\u00e9",
        "de": "Robustheit",
        "es": "Robustez",
        "it": "Vigore",
        "en": "Sturdy",
        "ja": "\u304c\u3093\u3058\u3087\u3046",
        "zh-Hans": "\u7ed3\u5b9e"
    },
    "drizzle": {
        "ja-Hrkt": "\u3042\u3081\u3075\u3089\u3057",
        "ko": "\uc794\ube44",
        "zh-Hant": "\u964d\u96e8",
        "fr": "Crachin",
        "de": "Niesel",
        "es": "Llovizna",
        "it": "Piovischio",
        "en": "Drizzle",
        "ja": "\u3042\u3081\u3075\u3089\u3057",
        "zh-Hans": "\u964d\u96e8"
    },
    "unaware": {
        "ja-Hrkt": "\u3066\u3093\u306d\u3093",
        "ko": "\ucc9c\uc9c4",
        "zh-Hant": "\u7d14\u6a38",
        "fr": "Inconscient",
        "de": "Unkenntnis",
        "es": "Ignorante",
        "it": "Imprudenza",
        "en": "Unaware",
        "ja": "\u3066\u3093\u306d\u3093",
        "zh-Hans": "\u7eaf\u6734"
    },
    "intimidate": {
        "ja-Hrkt": "\u3044\u304b\u304f",
        "ko": "\uc704\ud611",
        "zh-Hant": "\u5a01\u5687",
        "fr": "Intimidation",
        "de": "Bedroher",
        "es": "Intimidaci\u00f3n",
        "it": "Prepotenza",
        "en": "Intimidate",
        "ja": "\u3044\u304b\u304f",
        "zh-Hans": "\u5a01\u5413"
    },
    "keen-eye": {
        "ja-Hrkt": "\u3059\u308b\u3069\u3044\u3081",
        "ko": "\ub0a0\uce74\ub85c\uc6b4\ub208",
        "zh-Hant": "\u92b3\u5229\u76ee\u5149",
        "fr": "Regard Vif",
        "de": "Adlerauge",
        "es": "Vista Lince",
        "it": "Sguardofermo",
        "en": "Keen Eye",
        "ja": "\u3059\u308b\u3069\u3044\u3081",
        "zh-Hans": "\u9510\u5229\u76ee\u5149"
    },
    "thick-fat": {
        "ja-Hrkt": "\u3042\u3064\u3044\u3057\u307c\u3046",
        "ko": "\ub450\uaebc\uc6b4\uc9c0\ubc29",
        "zh-Hant": "\u539a\u8102\u80aa",
        "fr": "Isograisse",
        "de": "Speckschicht",
        "es": "Sebo",
        "it": "Grassospesso",
        "en": "Thick Fat",
        "ja": "\u3042\u3064\u3044\u3057\u307c\u3046",
        "zh-Hans": "\u539a\u8102\u80aa"
    },
    "weak-armor": {
        "ja-Hrkt": "\u304f\u3060\u3051\u308b\u3088\u308d\u3044",
        "ko": "\uae68\uc5b4\uc9c4\uac11\uc637",
        "zh-Hant": "\u788e\u88c2\u93a7\u7532",
        "fr": "Armurouill\u00e9e",
        "de": "Bruchr\u00fcstung",
        "es": "Armadura Fr\u00e1gil",
        "it": "Sottilguscio",
        "en": "Weak Armor",
        "ja": "\u304f\u3060\u3051\u308b\u3088\u308d\u3044",
        "zh-Hans": "\u788e\u88c2\u94e0\u7532"
    },
    "scrappy": {
        "ja-Hrkt": "\u304d\u3082\u3063\u305f\u307e",
        "ko": "\ubc30\uc9f1",
        "zh-Hant": "\u81bd\u91cf",
        "fr": "Querelleur",
        "de": "Rauflust",
        "es": "Intr\u00e9pido",
        "it": "Nervisaldi",
        "en": "Scrappy",
        "ja": "\u304d\u3082\u3063\u305f\u307e",
        "zh-Hans": "\u80c6\u91cf"
    },
    "overgrow": {
        "ja-Hrkt": "\u3057\u3093\u308a\u3087\u304f",
        "ko": "\uc2ec\ub85d",
        "zh-Hant": "\u8302\u76db",
        "fr": "Engrais",
        "de": "Notd\u00fcnger",
        "es": "Espesura",
        "it": "Erbaiuto",
        "en": "Overgrow",
        "ja": "\u3057\u3093\u308a\u3087\u304f",
        "zh-Hans": "\u8302\u76db"
    },
    "unburden": {
        "ja-Hrkt": "\u304b\u308b\u308f\u3056",
        "ko": "\uace1\uc608",
        "zh-Hant": "\u8f15\u88dd",
        "fr": "D\u00e9lestage",
        "de": "Entlastung",
        "es": "Liviano",
        "it": "Agiltecnica",
        "en": "Unburden",
        "ja": "\u304b\u308b\u308f\u3056",
        "zh-Hans": "\u8f7b\u88c5"
    },
    "blaze": {
        "ja-Hrkt": "\u3082\u3046\u304b",
        "ko": "\ub9f9\ud654",
        "zh-Hant": "\u731b\u706b",
        "fr": "Brasier",
        "de": "Gro\u00dfbrand",
        "es": "Mar Llamas",
        "it": "Aiutofuoco",
        "en": "Blaze",
        "ja": "\u3082\u3046\u304b",
        "zh-Hans": "\u731b\u706b"
    },
    "speed-boost": {
        "ja-Hrkt": "\u304b\u305d\u304f",
        "ko": "\uac00\uc18d",
        "zh-Hant": "\u52a0\u901f",
        "fr": "Turbo",
        "de": "Temposchub",
        "es": "Impulso",
        "it": "Acceleratore",
        "en": "Speed Boost",
        "ja": "\u304b\u305d\u304f",
        "zh-Hans": "\u52a0\u901f"
    },
    "torrent": {
        "ja-Hrkt": "\u3052\u304d\u308a\u3085\u3046",
        "ko": "\uae09\ub958",
        "zh-Hant": "\u6fc0\u6d41",
        "fr": "Torrent",
        "de": "Sturzbach",
        "es": "Torrente",
        "it": "Acquaiuto",
        "en": "Torrent",
        "ja": "\u3052\u304d\u308a\u3085\u3046",
        "zh-Hans": "\u6fc0\u6d41"
    },
    "damp": {
        "ja-Hrkt": "\u3057\u3081\u308a\u3051",
        "ko": "\uc2b5\uae30",
        "zh-Hant": "\u6fd5\u6c23",
        "fr": "Moiteur",
        "de": "Feuchtigkeit",
        "es": "Humedad",
        "it": "Umidit\u00e0",
        "en": "Damp",
        "ja": "\u3057\u3081\u308a\u3051",
        "zh-Hans": "\u6e7f\u6c14"
    },
    "pickup": {
        "ja-Hrkt": "\u3082\u306e\u3072\u308d\u3044",
        "ko": "\ud53d\uc5c5",
        "zh-Hant": "\u64bf\u62fe",
        "fr": "Ramassage",
        "de": "Mitnahme",
        "es": "Recogida",
        "it": "Raccolta",
        "en": "Pickup",
        "ja": "\u3082\u306e\u3072\u308d\u3044",
        "zh-Hans": "\u6361\u62fe"
    },
    "drought": {
        "ja-Hrkt": "\u3072\u3067\u308a",
        "ko": "\uac00\ubb44",
        "zh-Hant": "\u65e5\u7167",
        "fr": "S\u00e9cheresse",
        "de": "D\u00fcrre",
        "es": "Sequ\u00eda",
        "it": "Siccit\u00e0",
        "en": "Drought",
        "ja": "\u3072\u3067\u308a",
        "zh-Hans": "\u65e5\u7167"
    },
    "cloud-nine": {
        "ja-Hrkt": "\u30ce\u30fc\u3066\u3093\u304d",
        "ko": "\ub0a0\uc528\ubd80\uc815",
        "zh-Hant": "\u7121\u95dc\u5929\u6c23",
        "fr": "Ciel Gris",
        "de": "Wolke Sieben",
        "es": "Aclimataci\u00f3n",
        "it": "Antimeteo",
        "en": "Cloud Nine",
        "ja": "\u30ce\u30fc\u3066\u3093\u304d",
        "zh-Hans": "\u65e0\u5173\u5929\u6c14"
    },
    "hydration": {
        "ja-Hrkt": "\u3046\u308b\u304a\u3044\u30dc\u30c7\u30a3",
        "ko": "\ucd09\ucd09\ubc14\ub514",
        "zh-Hant": "\u6fd5\u6f64\u4e4b\u8ec0",
        "fr": "Hydratation",
        "de": "Hydration",
        "es": "Hidrataci\u00f3n",
        "it": "Idratazione",
        "en": "Hydration",
        "ja": "\u3046\u308b\u304a\u3044\u30dc\u30c7\u30a3",
        "zh-Hans": "\u6e7f\u6da6\u4e4b\u8eaf"
    },
    "adaptability": {
        "ja-Hrkt": "\u3066\u304d\u304a\u3046\u308a\u3087\u304f",
        "ko": "\uc801\uc751\ub825",
        "zh-Hant": "\u9069\u61c9\u529b",
        "fr": "Adaptabilit\u00e9",
        "de": "Anpassung",
        "es": "Adaptable",
        "it": "Adattabilit\u00e0",
        "en": "Adaptability",
        "ja": "\u3066\u304d\u304a\u3046\u308a\u3087\u304f",
        "zh-Hans": "\u9002\u5e94\u529b"
    },
    "suction-cups": {
        "ja-Hrkt": "\u304d\u3085\u3046\u3070\u3093",
        "ko": "\ud761\ubc18",
        "zh-Hant": "\u5438\u76e4",
        "fr": "Ventouse",
        "de": "Saugnapf",
        "es": "Ventosas",
        "it": "Ventose",
        "en": "Suction Cups",
        "ja": "\u304d\u3085\u3046\u3070\u3093",
        "zh-Hans": "\u5438\u76d8"
    },
    "pressure": {
        "ja-Hrkt": "\u30d7\u30ec\u30c3\u30b7\u30e3\u30fc",
        "ko": "\ud504\ub808\uc154",
        "zh-Hant": "\u58d3\u8feb\u611f",
        "fr": "Pression",
        "de": "Erzwinger",
        "es": "Presi\u00f3n",
        "it": "Pressione",
        "en": "Pressure",
        "ja": "\u30d7\u30ec\u30c3\u30b7\u30e3\u30fc",
        "zh-Hans": "\u538b\u8feb\u611f"
    },
    "guts": {
        "ja-Hrkt": "\u3053\u3093\u3058\u3087\u3046",
        "ko": "\uadfc\uc131",
        "zh-Hant": "\u6bc5\u529b",
        "fr": "Cran",
        "de": "Adrenalin",
        "es": "Agallas",
        "it": "Dentistretti",
        "en": "Guts",
        "ja": "\u3053\u3093\u3058\u3087\u3046",
        "zh-Hans": "\u6bc5\u529b"
    },
    "flower-gift": {
        "ja-Hrkt": "\u30d5\u30e9\u30ef\u30fc\u30ae\u30d5\u30c8",
        "ko": "\ud50c\ub77c\uc6cc\uae30\ud504\ud2b8",
        "zh-Hant": "\u82b1\u4e4b\u79ae",
        "fr": "Don Floral",
        "de": "Pflanzengabe",
        "es": "Don Floral",
        "it": "Regalfiore",
        "en": "Flower Gift",
        "ja": "\u30d5\u30e9\u30ef\u30fc\u30ae\u30d5\u30c8",
        "zh-Hans": "\u82b1\u4e4b\u793c"
    },
    "aftermath": {
        "ja-Hrkt": "\u3086\u3046\u3070\u304f",
        "ko": "\uc720\ud3ed",
        "zh-Hant": "\u5f15\u7206",
        "fr": "Boom Final",
        "de": "Finalschlag",
        "es": "Detonaci\u00f3n",
        "it": "Scoppio",
        "en": "Aftermath",
        "ja": "\u3086\u3046\u3070\u304f",
        "zh-Hans": "\u5f15\u7206"
    },
    "cute-charm": {
        "ja-Hrkt": "\u30e1\u30ed\u30e1\u30ed\u30dc\u30c7\u30a3",
        "ko": "\ud5e4\ub871\ud5e4\ub871\ubc14\ub514",
        "zh-Hant": "\u8ff7\u4eba\u4e4b\u8ec0",
        "fr": "Joli Sourire",
        "de": "Charmebolzen",
        "es": "Gran Encanto",
        "it": "Incantevole",
        "en": "Cute Charm",
        "ja": "\u30e1\u30ed\u30e1\u30ed\u30dc\u30c7\u30a3",
        "zh-Hans": "\u8ff7\u4eba\u4e4b\u8eaf"
    },
    "soundproof": {
        "ja-Hrkt": "\u307c\u3046\u304a\u3093",
        "ko": "\ubc29\uc74c",
        "zh-Hant": "\u9694\u97f3",
        "fr": "Anti-Bruit",
        "de": "L\u00e4rmschutz",
        "es": "Insonorizar",
        "it": "Antisuono",
        "en": "Soundproof",
        "ja": "\u307c\u3046\u304a\u3093",
        "zh-Hans": "\u9694\u97f3"
    },
    "forewarn": {
        "ja-Hrkt": "\u3088\u3061\u3080",
        "ko": "\uc608\uc9c0\ubabd",
        "zh-Hant": "\u9810\u77e5\u5922",
        "fr": "Pr\u00e9diction",
        "de": "Vorwarnung",
        "es": "Alerta",
        "it": "Premonizione",
        "en": "Forewarn",
        "ja": "\u3088\u3061\u3080",
        "zh-Hans": "\u9884\u77e5\u68a6"
    },
    "big-pecks": {
        "ja-Hrkt": "\u306f\u3068\u3080\u306d",
        "ko": "\ubd80\ud480\ub9b0\uac00\uc2b4",
        "zh-Hant": "\u5065\u58ef\u80f8\u808c",
        "fr": "C\u0153ur de Coq",
        "de": "Brustbieter",
        "es": "Sacapecho",
        "it": "Pettinfuori",
        "en": "Big Pecks",
        "ja": "\u306f\u3068\u3080\u306d",
        "zh-Hans": "\u5065\u58ee\u80f8\u808c"
    },
    "simple": {
        "ja-Hrkt": "\u305f\u3093\u3058\u3085\u3093",
        "ko": "\ub2e8\uc21c",
        "zh-Hant": "\u55ae\u7d14",
        "fr": "Simple",
        "de": "Wankelmut",
        "es": "Simple",
        "it": "Disinvoltura",
        "en": "Simple",
        "ja": "\u305f\u3093\u3058\u3085\u3093",
        "zh-Hans": "\u5355\u7eaf"
    },
    "swarm": {
        "ja-Hrkt": "\u3080\u3057\u306e\u3057\u3089\u305b",
        "ko": "\ubc8c\ub808\uc758\uc54c\ub9bc",
        "zh-Hant": "\u87f2\u4e4b\u9810\u611f",
        "fr": "Essaim",
        "de": "Hexaplaga",
        "es": "Enjambre",
        "it": "Aiutinsetto",
        "en": "Swarm",
        "ja": "\u3080\u3057\u306e\u3057\u3089\u305b",
        "zh-Hans": "\u866b\u4e4b\u9884\u611f"
    },
    "prankster": {
        "ja-Hrkt": "\u3044\u305f\u305a\u3089\u3054\u3053\u308d",
        "ko": "\uc9d3\uad82\uc740\ub9c8\uc74c",
        "zh-Hant": "\u60e1\u4f5c\u5287\u4e4b\u5fc3",
        "fr": "Farceur",
        "de": "Strolch",
        "es": "Bromista",
        "it": "Burla",
        "en": "Prankster",
        "ja": "\u3044\u305f\u305a\u3089\u3054\u3053\u308d",
        "zh-Hans": "\u6076\u4f5c\u5267\u4e4b\u5fc3"
    },
    "storm-drain": {
        "ja-Hrkt": "\u3088\u3073\u307f\u305a",
        "ko": "\ub9c8\uc911\ubb3c",
        "zh-Hant": "\u5f15\u6c34",
        "fr": "Lavabo",
        "de": "Sturmsog",
        "es": "Colector",
        "it": "Acquascolo",
        "en": "Storm Drain",
        "ja": "\u3088\u3073\u307f\u305a",
        "zh-Hans": "\u5f15\u6c34"
    },
    "shell-armor": {
        "ja-Hrkt": "\u30b7\u30a7\u30eb\u30a2\u30fc\u30de\u30fc",
        "ko": "\uc870\uac00\ube44\uac11\uc637",
        "zh-Hant": "\u786c\u6bbc\u76d4\u7532",
        "fr": "Coque Armure",
        "de": "Panzerhaut",
        "es": "Caparaz\u00f3n",
        "it": "Guscioscudo",
        "en": "Shell Armor",
        "ja": "\u30b7\u30a7\u30eb\u30a2\u30fc\u30de\u30fc",
        "zh-Hans": "\u786c\u58f3\u76d4\u7532"
    },
    "wonder-skin": {
        "ja-Hrkt": "\u30df\u30e9\u30af\u30eb\u30b9\u30ad\u30f3",
        "ko": "\ubbf8\ub77c\ud074\uc2a4\ud0a8",
        "zh-Hant": "\u5947\u8de1\u76ae\u819a",
        "fr": "Peau Miracle",
        "de": "Wunderhaut",
        "es": "Piel Milagro",
        "it": "Splendicute",
        "en": "Wonder Skin",
        "ja": "\u30df\u30e9\u30af\u30eb\u30b9\u30ad\u30f3",
        "zh-Hans": "\u5947\u8ff9\u76ae\u80a4"
    },
    "mummy": {
        "ja-Hrkt": "\u30df\u30a4\u30e9",
        "ko": "\ubbf8\ub77c",
        "zh-Hant": "\u6728\u4e43\u4f0a",
        "fr": "Momie",
        "de": "Mumie",
        "es": "Momia",
        "it": "Mummia",
        "en": "Mummy",
        "ja": "\u30df\u30a4\u30e9",
        "zh-Hans": "\u6728\u4e43\u4f0a"
    },
    "static": {
        "ja-Hrkt": "\u305b\u3044\u3067\u3093\u304d",
        "ko": "\uc815\uc804\uae30",
        "zh-Hant": "\u975c\u96fb",
        "fr": "Statik",
        "de": "Statik",
        "es": "Elec. Est\u00e1tica",
        "it": "Statico",
        "en": "Static",
        "ja": "\u305b\u3044\u3067\u3093\u304d",
        "zh-Hans": "\u9759\u7535"
    },
    "effect-spore": {
        "ja-Hrkt": "\u307b\u3046\u3057",
        "ko": "\ud3ec\uc790",
        "zh-Hant": "\u5b62\u5b50",
        "fr": "Pose Spore",
        "de": "Sporenwirt",
        "es": "Efecto Espora",
        "it": "Spargispora",
        "en": "Effect Spore",
        "ja": "\u307b\u3046\u3057",
        "zh-Hans": "\u5b62\u5b50"
    },
    "compound-eyes": {
        "ja-Hrkt": "\u3075\u304f\u304c\u3093",
        "ko": "\ubcf5\uc548",
        "zh-Hant": "\u8907\u773c",
        "fr": "\u0152il Compos\u00e9",
        "de": "Facettenauge",
        "es": "Ojo Compuesto",
        "it": "Insettocchi",
        "en": "Compound Eyes",
        "ja": "\u3075\u304f\u304c\u3093",
        "zh-Hans": "\u590d\u773c"
    },
    "minus": {
        "ja-Hrkt": "\u30de\u30a4\u30ca\u30b9",
        "ko": "\ub9c8\uc774\ub108\uc2a4",
        "zh-Hant": "\u8ca0\u96fb",
        "fr": "Moins",
        "de": "Minus",
        "es": "Menos",
        "it": "Meno",
        "en": "Minus",
        "ja": "\u30de\u30a4\u30ca\u30b9",
        "zh-Hans": "\u8d1f\u7535"
    },
    "plus": {
        "ja-Hrkt": "\u30d7\u30e9\u30b9",
        "ko": "\ud50c\ub7ec\uc2a4",
        "zh-Hant": "\u6b63\u96fb",
        "fr": "Plus",
        "de": "Plus",
        "es": "M\u00e1s",
        "it": "Pi\u00f9",
        "en": "Plus",
        "ja": "\u30d7\u30e9\u30b9",
        "zh-Hans": "\u6b63\u7535"
    },
    "synchronize": {
        "ja-Hrkt": "\u30b7\u30f3\u30af\u30ed",
        "ko": "\uc2f1\ud06c\ub85c",
        "zh-Hant": "\u540c\u6b65",
        "fr": "Synchro",
        "de": "Synchro",
        "es": "Sincron\u00eda",
        "it": "Sincronismo",
        "en": "Synchronize",
        "ja": "\u30b7\u30f3\u30af\u30ed",
        "zh-Hans": "\u540c\u6b65"
    },
    "slush-rush": {
        "ja-Hrkt": "\u3086\u304d\u304b\u304d",
        "ko": "\ub208\uce58\uc6b0\uae30",
        "zh-Hant": "\u64a5\u96ea",
        "fr": "Chasse-Neige",
        "de": "Schneescharrer",
        "es": "Quitanieves",
        "it": "Spalaneve",
        "en": "Slush Rush",
        "ja": "\u3086\u304d\u304b\u304d",
        "zh-Hans": "\u62e8\u96ea"
    },
    "mimicry": {
        "ko": "\uc758\ud0dc",
        "zh-Hant": "\u64ec\u614b",
        "fr": "Mim\u00e9tisme",
        "de": "Mimese",
        "es": "Mimetismo",
        "it": "Mimetismo",
        "en": "Mimicry",
        "zh-Hans": "\u62df\u6001"
    },
    "inner-focus": {
        "ja-Hrkt": "\u305b\u3044\u3057\u3093\u308a\u3087\u304f",
        "ko": "\uc815\uc2e0\ub825",
        "zh-Hant": "\u7cbe\u795e\u529b",
        "fr": "Attention",
        "de": "Konzentrator",
        "es": "Foco Interno",
        "it": "Forza Interiore",
        "en": "Inner Focus",
        "ja": "\u305b\u3044\u3057\u3093\u308a\u3087\u304f",
        "zh-Hans": "\u7cbe\u795e\u529b"
    },
    "sheer-force": {
        "ja-Hrkt": "\u3061\u304b\u3089\u305a\u304f",
        "ko": "\uc6b0\uaca9\ub2e4\uc9d0",
        "zh-Hant": "\u5f37\u884c",
        "fr": "Sans Limite",
        "de": "Rohe Gewalt",
        "es": "Potencia Bruta",
        "it": "Forzabruta",
        "en": "Sheer Force",
        "ja": "\u3061\u304b\u3089\u305a\u304f",
        "zh-Hans": "\u5f3a\u884c"
    },
    "huge-power": {
        "ja-Hrkt": "\u3061\u304b\u3089\u3082\u3061",
        "ko": "\ucc9c\ud558\uc7a5\uc0ac",
        "zh-Hant": "\u5927\u529b\u58eb",
        "fr": "Coloforce",
        "de": "Kraftkoloss",
        "es": "Potencia",
        "it": "Macroforza",
        "en": "Huge Power",
        "ja": "\u3061\u304b\u3089\u3082\u3061",
        "zh-Hans": "\u5927\u529b\u58eb"
    },
    "gale-wings": {
        "ja-Hrkt": "\u306f\u3084\u3066\u306e\u3064\u3070\u3055",
        "ko": "\uc9c8\ud48d\ub0a0\uac1c",
        "zh-Hant": "\u75be\u98a8\u4e4b\u7ffc",
        "fr": "Ailes Bourrasque",
        "de": "Orkanschwingen",
        "es": "Alas Vendaval",
        "it": "Aliraffica",
        "en": "Gale Wings",
        "ja": "\u306f\u3084\u3066\u306e\u3064\u3070\u3055",
        "zh-Hans": "\u75be\u98ce\u4e4b\u7ffc"
    },
    "contrary": {
        "ja-Hrkt": "\u3042\u307e\u306e\u3058\u3083\u304f",
        "ko": "\uc2ec\uc220\uafb8\ub7ec\uae30",
        "zh-Hant": "\u5531\u53cd\u8abf",
        "fr": "Contestation",
        "de": "Umkehrung",
        "es": "Respond\u00f3n",
        "it": "Inversione",
        "en": "Contrary",
        "ja": "\u3042\u307e\u306e\u3058\u3083\u304f",
        "zh-Hans": "\u5531\u53cd\u8c03"
    },
    "tough-claws": {
        "ja-Hrkt": "\u304b\u305f\u3044\u30c4\u30e1",
        "ko": "\ub2e8\ub2e8\ud55c\ubc1c\ud1b1",
        "zh-Hant": "\u786c\u722a",
        "fr": "Griffe Dure",
        "de": "Krallenwucht",
        "es": "Garra Dura",
        "it": "Unghiedure",
        "en": "Tough Claws",
        "ja": "\u304b\u305f\u3044\u30c4\u30e1",
        "zh-Hans": "\u786c\u722a"
    },
    "strong-jaw": {
        "ja-Hrkt": "\u304c\u3093\u3058\u3087\u3046\u3042\u3054",
        "ko": "\uc639\uace8\ucc2c\ud131",
        "zh-Hant": "\u5f37\u58ef\u4e4b\u984e",
        "fr": "Prognathe",
        "de": "Titankiefer",
        "es": "Mand\u00edbula Fuerte",
        "it": "Ferromascella",
        "en": "Strong Jaw",
        "ja": "\u304c\u3093\u3058\u3087\u3046\u3042\u3054",
        "zh-Hans": "\u5f3a\u58ee\u4e4b\u989a"
    },
    "refrigerate": {
        "ja-Hrkt": "\u30d5\u30ea\u30fc\u30ba\u30b9\u30ad\u30f3",
        "ko": "\ud504\ub9ac\uc988\uc2a4\ud0a8",
        "zh-Hant": "\u51b0\u51cd\u76ae\u819a",
        "fr": "Peau Gel\u00e9e",
        "de": "Frostschicht",
        "es": "Piel Helada",
        "it": "Pellegelo",
        "en": "Refrigerate",
        "ja": "\u30d5\u30ea\u30fc\u30ba\u30b9\u30ad\u30f3",
        "zh-Hans": "\u51b0\u51bb\u76ae\u80a4"
    },
    "battery": {
        "ja-Hrkt": "\u30d0\u30c3\u30c6\u30ea\u30fc",
        "ko": "\ubc30\ud130\ub9ac",
        "zh-Hant": "\u84c4\u96fb\u6c60",
        "fr": "Batterie",
        "de": "Batterie",
        "es": "Bater\u00eda",
        "it": "Batteria",
        "en": "Battery",
        "ja": "\u30d0\u30c3\u30c6\u30ea\u30fc",
        "zh-Hans": "\u84c4\u7535\u6c60"
    },
    "sweet-veil": {
        "ja-Hrkt": "\u30b9\u30a4\u30fc\u30c8\u30d9\u30fc\u30eb",
        "ko": "\uc2a4\uc704\ud2b8\ubca0\uc77c",
        "zh-Hant": "\u751c\u5e55",
        "fr": "Gluco-Voile",
        "de": "Zuckerh\u00fclle",
        "es": "Velo Dulce",
        "it": "Dolcevelo",
        "en": "Sweet Veil",
        "ja": "\u30b9\u30a4\u30fc\u30c8\u30d9\u30fc\u30eb",
        "zh-Hans": "\u751c\u5e55"
    },
    "sand-rush": {
        "ja-Hrkt": "\u3059\u306a\u304b\u304d",
        "ko": "\ubaa8\ub798\ud5e4\uce58\uae30",
        "zh-Hant": "\u64a5\u6c99",
        "fr": "Baigne Sable",
        "de": "Sandscharrer",
        "es": "\u00cdmpetu Arena",
        "it": "Remasabbia",
        "en": "Sand Rush",
        "ja": "\u3059\u306a\u304b\u304d",
        "zh-Hans": "\u62e8\u6c99"
    },
    "corrosion": {
        "ja-Hrkt": "\u3075\u3057\u3087\u304f",
        "ko": "\ubd80\uc2dd",
        "zh-Hant": "\u8150\u8755",
        "fr": "Corrosion",
        "de": "Korrosion",
        "es": "Corrosi\u00f3n",
        "it": "Corrosione",
        "en": "Corrosion",
        "ja": "\u3075\u3057\u3087\u304f",
        "zh-Hans": "\u8150\u8680"
    },
    "klutz": {
        "ja-Hrkt": "\u3076\u304d\u3088\u3046",
        "ko": "\uc11c\ud22c\ub984",
        "zh-Hant": "\u7b28\u62d9",
        "fr": "Maladresse",
        "de": "Tollpatsch",
        "es": "Zoquete",
        "it": "Impaccio",
        "en": "Klutz",
        "ja": "\u3076\u304d\u3088\u3046",
        "zh-Hans": "\u7b28\u62d9"
    },
    "queenly-majesty": {
        "ja-Hrkt": "\u3058\u3087\u304a\u3046\u306e\u3044\u3052\u3093",
        "ko": "\uc5ec\uc655\uc758\uc704\uc5c4",
        "zh-Hant": "\u5973\u738b\u7684\u5a01\u56b4",
        "fr": "Prestance Royale",
        "de": "Majest\u00e4t",
        "es": "Regia Presencia",
        "it": "Regalit\u00e0",
        "en": "Queenly Majesty",
        "ja": "\u3058\u3087\u304a\u3046\u306e\u3044\u3052\u3093",
        "zh-Hans": "\u5973\u738b\u7684\u5a01\u4e25"
    },
    "triage": {
        "ja-Hrkt": "\u30d2\u30fc\u30ea\u30f3\u30b0\u30b7\u30d5\u30c8",
        "ko": "\ud790\ub9c1\uc2dc\ud504\ud2b8",
        "zh-Hant": "\u5148\u884c\u6cbb\u7642",
        "fr": "Priogu\u00e9rison",
        "de": "Heilwandel",
        "es": "Primer Auxilio",
        "it": "Primacura",
        "en": "Triage",
        "ja": "\u30d2\u30fc\u30ea\u30f3\u30b0\u30b7\u30d5\u30c8",
        "zh-Hans": "\u5148\u884c\u6cbb\u7597"
    },
    "symbiosis": {
        "ja-Hrkt": "\u304d\u3087\u3046\u305b\u3044",
        "ko": "\uacf5\uc0dd",
        "zh-Hant": "\u5171\u751f",
        "fr": "Symbiose",
        "de": "Nutznie\u00dfer",
        "es": "Simbiosis",
        "it": "Simbiosi",
        "en": "Symbiosis",
        "ja": "\u304d\u3087\u3046\u305b\u3044",
        "zh-Hans": "\u5171\u751f"
    },
    "receiver": {
        "ja-Hrkt": "\u30ec\u30b7\u30fc\u30d0\u30fc",
        "ko": "\ub9ac\uc2dc\ubc84",
        "zh-Hant": "\u63a5\u7403\u624b",
        "fr": "Receveur",
        "de": "Receiver",
        "es": "Receptor",
        "it": "Ricezione",
        "en": "Receiver",
        "ja": "\u30ec\u30b7\u30fc\u30d0\u30fc",
        "zh-Hans": "\u63a5\u7403\u624b"
    },
    "innards-out": {
        "ja-Hrkt": "\u3068\u3073\u3060\u3059\u306a\u304b\u307f",
        "ko": "\ub0b4\uc6a9\ubb3c\ubd84\ucd9c",
        "zh-Hant": "\u98db\u51fa\u7684\u5167\u5728\u7269",
        "fr": "Expuls\u2019Organes",
        "de": "Magenkrempler",
        "es": "Rev\u00e9s",
        "it": "Espellinterno",
        "en": "Innards Out",
        "ja": "\u3068\u3073\u3060\u3059\u306a\u304b\u307f",
        "zh-Hans": "\u98de\u51fa\u7684\u5185\u5728\u7269"
    },
    "disguise": {
        "ja-Hrkt": "\u3070\u3051\u306e\u304b\u308f",
        "ko": "\ud0c8",
        "zh-Hant": "\u756b\u76ae",
        "fr": "Fant\u00f4masque",
        "de": "Kost\u00fcmspuk",
        "es": "Disfraz",
        "it": "Fantasmanto",
        "en": "Disguise",
        "ja": "\u3070\u3051\u306e\u304b\u308f",
        "zh-Hans": "\u753b\u76ae"
    },
    "cheek-pouch": {
        "ja-Hrkt": "\u307b\u304a\u3076\u304f\u308d",
        "ko": "\ubcfc\uc8fc\uba38\ub2c8",
        "zh-Hant": "\u9830\u56ca",
        "fr": "Bajoues",
        "de": "Backentaschen",
        "es": "Carrillo",
        "it": "Guancegonfie",
        "en": "Cheek Pouch",
        "ja": "\u307b\u304a\u3076\u304f\u308d",
        "zh-Hans": "\u988a\u56ca"
    },
    "fluffy": {
        "ja-Hrkt": "\u3082\u3075\u3082\u3075",
        "ko": "\ubcf5\uc2ac\ubcf5\uc2ac",
        "zh-Hant": "\u6bdb\u8338\u8338",
        "fr": "Boule de Poils",
        "de": "Flauschigkeit",
        "es": "Peluche",
        "it": "Morbidone",
        "en": "Fluffy",
        "ja": "\u3082\u3075\u3082\u3075",
        "zh-Hans": "\u6bdb\u8338\u8338"
    },
    "steam-engine": {
        "ko": "\uc99d\uae30\uae30\uad00",
        "zh-Hant": "\u84b8\u6c7d\u6a5f",
        "fr": "Turbine",
        "de": "Dampfantrieb",
        "es": "Combustible",
        "it": "Vapormacchina",
        "en": "Steam Engine",
        "zh-Hans": "\u84b8\u6c7d\u673a"
    },
    "sand-spit": {
        "ko": "\ubaa8\ub798\ubfdc\uae30",
        "zh-Hant": "\u5410\u6c99",
        "fr": "Expul\u2019Sable",
        "de": "Sandspeier",
        "es": "Expulsarena",
        "it": "Sputasabbia",
        "en": "Sand Spit"
    },
    "gulp-missile": {
        "ko": "\uadf8\ub300\ub85c\uafc0\uaebd\ubbf8\uc0ac\uc77c",
        "zh-Hant": "\u53e3\u98db\u5f48",
        "fr": "D\u00e9gobage",
        "de": "W\u00fcrggeschoss",
        "es": "Tragamisil",
        "it": "Inghiottimissile",
        "en": "Gulp Missile",
        "zh-Hans": "\u53e3\u5bfc\u5f39"
    },
    "white-smoke": {
        "ja-Hrkt": "\u3057\u308d\u3044\u3051\u3080\u308a",
        "ko": "\ud558\uc580\uc5f0\uae30",
        "zh-Hant": "\u767d\u8272\u7159\u9727",
        "fr": "\u00c9cran Fum\u00e9e",
        "de": "Pulverrauch",
        "es": "Humo Blanco",
        "it": "Fumochiaro",
        "en": "White Smoke",
        "ja": "\u3057\u308d\u3044\u3051\u3080\u308a",
        "zh-Hans": "\u767d\u8272\u70df\u96fe"
    },
    "anticipation": {
        "ja-Hrkt": "\u304d\u3051\u3093\u3088\u3061",
        "ko": "\uc704\ud5d8\uc608\uc9c0",
        "zh-Hant": "\u5371\u96aa\u9810\u77e5",
        "fr": "Anticipation",
        "de": "Vorahnung",
        "es": "Anticipaci\u00f3n",
        "it": "Presagio",
        "en": "Anticipation",
        "ja": "\u304d\u3051\u3093\u3088\u3061",
        "zh-Hans": "\u5371\u9669\u9884\u77e5"
    },
    "reckless": {
        "ja-Hrkt": "\u3059\u3066\u307f",
        "ko": "\uc774\ud310\uc0ac\ud310",
        "zh-Hant": "\u6368\u8eab",
        "fr": "T\u00e9m\u00e9raire",
        "de": "Achtlos",
        "es": "Audaz",
        "it": "Temerariet\u00e0",
        "en": "Reckless",
        "ja": "\u3059\u3066\u307f",
        "zh-Hans": "\u820d\u8eab"
    },
    "steely-spirit": {
        "ko": "\uac15\ucca0\uc815\uc2e0",
        "zh-Hant": "\u92fc\u4e4b\u610f\u5fd7",
        "fr": "Boost Acier",
        "de": "St\u00e4hlerner Wille",
        "es": "Alma Acerada",
        "it": "Spiritoferreo",
        "en": "Steely Spirit",
        "zh-Hans": "\u94a2\u4e4b\u610f\u5fd7",
        "pt-BR": "Esp\u00edrito F\u00e9rreo"
    },
    "aroma-veil": {
        "ja-Hrkt": "\u30a2\u30ed\u30de\u30d9\u30fc\u30eb",
        "ko": "\uc544\ub85c\ub9c8\ubca0\uc77c",
        "zh-Hant": "\u82b3\u9999\u5e55",
        "fr": "Aroma-Voile",
        "de": "Dufth\u00fclle",
        "es": "Velo Aroma",
        "it": "Aromavelo",
        "en": "Aroma Veil",
        "ja": "\u30a2\u30ed\u30de\u30d9\u30fc\u30eb",
        "zh-Hans": "\u82b3\u9999\u5e55"
    },
    "electric-surge": {
        "ja-Hrkt": "\u30a8\u30ec\u30ad\u30e1\u30a4\u30ab\u30fc",
        "ko": "\uc77c\ub809\ud2b8\ub9ad\uba54\uc774\ucee4",
        "zh-Hant": "\u96fb\u6c23\u88fd\u9020\u8005",
        "fr": "Cr\u00e9a-\u00c9lec",
        "de": "Elektro-Erzeuger",
        "es": "Electrog\u00e9nesis",
        "it": "Elettrogenesi",
        "en": "Electric Surge",
        "ja": "\u30a8\u30ec\u30ad\u30e1\u30a4\u30ab\u30fc",
        "zh-Hans": "\u7535\u6c14\u5236\u9020\u8005"
    },
    "ice-scales": {
        "ko": "\uc5bc\uc74c\uc778\ubd84",
        "zh-Hant": "\u51b0\u9c57\u7c89",
        "fr": "\u00c9cailles Glac\u00e9es",
        "de": "Eisfl\u00fcgelstaub",
        "es": "Escama de Hielo",
        "it": "Geloscaglie",
        "en": "Ice Scales",
        "zh-Hans": "\u51b0\u9cde\u7c89"
    },
    "hunger-switch": {
        "ko": "\uaf2c\ub974\ub975\uc2a4\uc704\uce58",
        "zh-Hant": "\u98fd\u4e86\u53c8\u9913",
        "fr": "D\u00e9clic Fringale",
        "de": "Hei\u00dfhunger",
        "es": "Mutapetito",
        "it": "Pancialterna",
        "en": "Hunger Switch",
        "zh-Hans": "\u9971\u4e86\u53c8\u997f"
    },
    "light-metal": {
        "ja-Hrkt": "\u30e9\u30a4\u30c8\u30e1\u30bf\u30eb",
        "ko": "\ub77c\uc774\ud2b8\uba54\ud0c8",
        "zh-Hant": "\u8f15\u91d1\u5c6c",
        "fr": "Light Metal",
        "de": "Leichtmetall",
        "es": "Metal Liviano",
        "it": "Metalleggero",
        "en": "Light Metal",
        "ja": "\u30e9\u30a4\u30c8\u30e1\u30bf\u30eb",
        "zh-Hans": "\u8f7b\u91d1\u5c5e"
    },
    "air-lock": {
        "ja-Hrkt": "\u30a8\u30a2\u30ed\u30c3\u30af",
        "ko": "\uc5d0\uc5b4\ub85d",
        "zh-Hant": "\u6c23\u9598",
        "fr": "Air Lock",
        "de": "Klimaschutz",
        "es": "Bucle Aire",
        "it": "Riparo",
        "en": "Air Lock",
        "ja": "\u30a8\u30a2\u30ed\u30c3\u30af",
        "zh-Hans": "\u6c14\u95f8"
    },
    "turboblaze": {
        "ja-Hrkt": "\u30bf\u30fc\u30dc\u30d6\u30ec\u30a4\u30ba",
        "ko": "\ud130\ubcf4\ube14\ub808\uc774\uc988",
        "zh-Hant": "\u6e26\u8f2a\u706b\u7130",
        "fr": "Turbo Brasier",
        "de": "Turbobrand",
        "es": "Turbollama",
        "it": "Piroturbina",
        "en": "Turboblaze",
        "ja": "\u30bf\u30fc\u30dc\u30d6\u30ec\u30a4\u30ba",
        "zh-Hans": "\u6da1\u8f6e\u706b\u7130"
    },
    "teravolt": {
        "ja-Hrkt": "\u30c6\u30e9\u30dc\u30eb\u30c6\u30fc\u30b8",
        "ko": "\ud14c\ub77c\ubcfc\ud2f0\uc9c0",
        "zh-Hant": "\u5146\u7d1a\u96fb\u58d3",
        "fr": "T\u00e9ra-Voltage",
        "de": "Teravolt",
        "es": "Terravoltaje",
        "it": "Teravolt",
        "en": "Teravolt",
        "ja": "\u30c6\u30e9\u30dc\u30eb\u30c6\u30fc\u30b8",
        "zh-Hans": "\u5146\u7ea7\u7535\u538b"
    },
    "fairy-aura": {
        "ja-Hrkt": "\u30d5\u30a7\u30a2\u30ea\u30fc\u30aa\u30fc\u30e9",
        "ko": "\ud398\uc5b4\ub9ac\uc624\ub77c",
        "zh-Hant": "\u5996\u7cbe\u6c23\u5834",
        "fr": "Aura F\u00e9\u00e9rique",
        "de": "Feenaura",
        "es": "Aura Fe\u00e9rica",
        "it": "Aurafolletto",
        "en": "Fairy Aura",
        "ja": "\u30d5\u30a7\u30a2\u30ea\u30fc\u30aa\u30fc\u30e9",
        "zh-Hans": "\u5996\u7cbe\u6c14\u573a"
    },
    "dark-aura": {
        "ja-Hrkt": "\u30c0\u30fc\u30af\u30aa\u30fc\u30e9",
        "ko": "\ub2e4\ud06c\uc624\ub77c",
        "zh-Hant": "\u6697\u9ed1\u6c23\u5834",
        "fr": "Aura T\u00e9n\u00e9breuse",
        "de": "Dunkelaura",
        "es": "Aura Oscura",
        "it": "Auratetra",
        "en": "Dark Aura",
        "ja": "\u30c0\u30fc\u30af\u30aa\u30fc\u30e9",
        "zh-Hans": "\u6697\u9ed1\u6c14\u573a"
    },
    "power-construct": {
        "ja-Hrkt": "\u30b9\u30ef\u30fc\u30e0\u30c1\u30a7\u30f3\u30b8",
        "ko": "\uc2a4\uc6dc\uccb4\uc778\uc9c0",
        "zh-Hant": "\u7fa4\u805a\u8b8a\u5f62",
        "fr": "Rassemblement",
        "de": "Scharwandel",
        "es": "Agrupamiento",
        "it": "Sciamefusione",
        "en": "Power Construct",
        "ja": "\u30b9\u30ef\u30fc\u30e0\u30c1\u30a7\u30f3\u30b8",
        "zh-Hans": "\u7fa4\u805a\u53d8\u5f62"
    },
    "psychic-surge": {
        "ja-Hrkt": "\u30b5\u30a4\u30b3\u30e1\u30a4\u30ab\u30fc",
        "ko": "\uc0ac\uc774\ucf54\uba54\uc774\ucee4",
        "zh-Hant": "\u7cbe\u795e\u88fd\u9020\u8005",
        "fr": "Cr\u00e9a-Psy",
        "de": "Psycho-Erzeuger",
        "es": "Psicog\u00e9nesis",
        "it": "Psicogenesi",
        "en": "Psychic Surge",
        "ja": "\u30b5\u30a4\u30b3\u30e1\u30a4\u30ab\u30fc",
        "zh-Hans": "\u7cbe\u795e\u5236\u9020\u8005"
    },
    "grassy-surge": {
        "ja-Hrkt": "\u30b0\u30e9\u30b9\u30e1\u30a4\u30ab\u30fc",
        "ko": "\uadf8\ub798\uc2a4\uba54\uc774\ucee4",
        "zh-Hant": "\u9752\u8349\u88fd\u9020\u8005",
        "fr": "Cr\u00e9a-Herbe",
        "de": "Gras-Erzeuger",
        "es": "Herbog\u00e9nesis",
        "it": "Erbogenesi",
        "en": "Grassy Surge",
        "ja": "\u30b0\u30e9\u30b9\u30e1\u30a4\u30ab\u30fc",
        "zh-Hans": "\u9752\u8349\u5236\u9020\u8005"
    },
    "full-metal-body": {
        "ja-Hrkt": "\u30e1\u30bf\u30eb\u30d7\u30ed\u30c6\u30af\u30c8",
        "ko": "\uba54\ud0c8\ud504\ub85c\ud14d\ud2b8",
        "zh-Hant": "\u91d1\u5c6c\u9632\u8b77",
        "fr": "M\u00e9tallo-Garde",
        "de": "Metallprotektor",
        "es": "Guardia Met\u00e1lica",
        "it": "Metalprotezione",
        "en": "Full Metal Body",
        "ja": "\u30e1\u30bf\u30eb\u30d7\u30ed\u30c6\u30af\u30c8",
        "zh-Hans": "\u91d1\u5c5e\u9632\u62a4"
    },
    "shadow-shield": {
        "ja-Hrkt": "\u30d5\u30a1\u30f3\u30c8\u30e0\u30ac\u30fc\u30c9",
        "ko": "\uc2a4\ud399\ud130\uac00\ub4dc",
        "zh-Hant": "\u5e7b\u5f71\u9632\u5b88",
        "fr": "Spectro-Bouclier",
        "de": "Phantomschutz",
        "es": "Guardia Espectro",
        "it": "Spettroguardia",
        "en": "Shadow Shield",
        "ja": "\u30d5\u30a1\u30f3\u30c8\u30e0\u30ac\u30fc\u30c9",
        "zh-Hans": "\u5e7b\u5f71\u9632\u5b88"
    },
    "beast-boost": {
        "ja-Hrkt": "\u30d3\u30fc\u30b9\u30c8\u30d6\u30fc\u30b9\u30c8",
        "ko": "\ube44\uc2a4\ud2b8\ubd80\uc2a4\ud2b8",
        "zh-Hant": "\u7570\u7378\u63d0\u5347",
        "fr": "Boost Chim\u00e8re",
        "de": "Bestien-Boost",
        "es": "Ultraimpulso",
        "it": "Ultraboost",
        "en": "Beast Boost",
        "ja": "\u30d3\u30fc\u30b9\u30c8\u30d6\u30fc\u30b9\u30c8",
        "zh-Hans": "\u5f02\u517d\u63d0\u5347"
    },
    "prism-armor": {
        "ja-Hrkt": "\u30d7\u30ea\u30ba\u30e0\u30a2\u30fc\u30de\u30fc",
        "ko": "\ud504\ub9ac\uc998\uc544\uba38",
        "zh-Hant": "\u7a1c\u93e1\u88dd\u7532",
        "fr": "Prisme-Armure",
        "de": "Prismar\u00fcstung",
        "es": "Armadura Prisma",
        "it": "Scudoprisma",
        "en": "Prism Armor",
        "ja": "\u30d7\u30ea\u30ba\u30e0\u30a2\u30fc\u30de\u30fc",
        "zh-Hans": "\u68f1\u955c\u88c5\u7532"
    }
}
