{
    "773": {
        "ja-Hrkt": "\u30c0\u30a4\u30bd\u30a6\u30b2\u30f3",
        "ko": "\ub2e4\uc774\uadf8\ub798\uc2a4",
        "zh-Hant": "\u6975\u5de8\u8349\u539f",
        "fr": "Phytomax",
        "de": "Dyna-Flora",
        "es": "Maxiflora",
        "it": "Dynaflora",
        "en": "Max Overgrowth",
        "ja": "\u30c0\u30a4\u30bd\u30a6\u30b2\u30f3",
        "zh-Hans": "\u6975\u5de8\u8349\u539f"
    },
    "743": {
        "ja-Hrkt": "\u30c0\u30a4\u30a6\u30a9\u30fc\u30eb",
        "ko": "\ub2e4\uc774\uc6d4",
        "zh-Hant": "\u6975\u5de8\u9632\u58c1",
        "fr": "Gardomax",
        "de": "Dyna-Wall",
        "es": "Maxibarrera",
        "it": "Dynabarriera",
        "en": "Max Guard",
        "ja": "\u30c0\u30a4\u30a6\u30a9\u30fc\u30eb",
        "zh-Hans": "\u6975\u5de8\u9632\u58c1"
    },
    "764": {
        "ja-Hrkt": "\u30c0\u30a4\u30a2\u30b7\u30c3\u30c9",
        "ko": "\ub2e4\uc774\uc560\uc2dc\ub4dc",
        "zh-Hant": "\u6975\u5de8\u9178\u6bd2",
        "fr": "Toxinomax",
        "de": "Dyna-Giftschwall",
        "es": "Maxi\u00e1cido",
        "it": "Dynacorrosione",
        "en": "Max Ooze",
        "ja": "\u30c0\u30a4\u30a2\u30b7\u30c3\u30c9",
        "zh-Hans": "\u6975\u5de8\u9178\u6bd2"
    },
    "757": {
        "ja-Hrkt": "\u30c0\u30a4\u30d0\u30fc\u30f3",
        "ko": "\ub2e4\uc774\ubc88",
        "zh-Hant": "\u6975\u5de8\u706b\u7206",
        "fr": "Pyromax",
        "de": "Dyna-Brand",
        "es": "Maxignici\u00f3n",
        "it": "Dynafiammata",
        "en": "Max Flare",
        "ja": "\u30c0\u30a4\u30d0\u30fc\u30f3",
        "zh-Hans": "\u6975\u5de8\u706b\u7206"
    },
    "768": {
        "ja-Hrkt": "\u30c0\u30a4\u30c9\u30e9\u30b0\u30fc\u30f3",
        "ko": "\ub2e4\uc774\ub4dc\ub77c\uad70",
        "zh-Hant": "\u6975\u5de8\u9f8d\u9a0e",
        "fr": "Dracomax",
        "de": "Dyna-Wyrm",
        "es": "Maxidraco",
        "it": "Dynadragone",
        "en": "Max Wyrmwind",
        "ja": "\u30c0\u30a4\u30c9\u30e9\u30b0\u30fc\u30f3",
        "zh-Hans": "\u6975\u5de8\u9f8d\u9a0e"
    },
    "765": {
        "ja-Hrkt": "\u30c0\u30a4\u30b9\u30c8\u30ea\u30fc\u30e0",
        "ko": "\ub2e4\uc774\uc2a4\ud2b8\ub9bc",
        "zh-Hant": "\u6975\u5de8\u6c34\u6d41",
        "fr": "Hydromax",
        "de": "Dyna-Flut",
        "es": "Maxichorro",
        "it": "Dynaflusso",
        "en": "Max Geyser",
        "ja": "\u30c0\u30a4\u30b9\u30c8\u30ea\u30fc\u30e0",
        "zh-Hans": "\u6975\u5de8\u6c34\u6d41"
    },
    "763": {
        "ja-Hrkt": "\u30c0\u30a4\u30a2\u30a4\u30b9",
        "ko": "\ub2e4\uc774\uc544\uc774\uc2a4",
        "zh-Hant": "\u6975\u5de8\u5bd2\u51b0",
        "fr": "Cryomax",
        "de": "Dyna-Frost",
        "es": "Maxihelada",
        "it": "Dynagelo",
        "en": "Max Hailstorm",
        "ja": "\u30c0\u30a4\u30a2\u30a4\u30b9",
        "zh-Hans": "\u6975\u5de8\u5bd2\u51b0"
    },
    "761": {
        "ja-Hrkt": "\u30c0\u30a4\u30ca\u30c3\u30af\u30eb",
        "ko": "\ub2e4\uc774\ub108\ud074",
        "zh-Hant": "\u6975\u5de8\u62f3\u9b25",
        "fr": "Pugilomax",
        "de": "Dyna-Faust",
        "es": "Maxipu\u00f1o",
        "it": "Dynapugno",
        "en": "Max Knuckle",
        "ja": "\u30c0\u30a4\u30ca\u30c3\u30af\u30eb",
        "zh-Hans": "\u6975\u5de8\u62f3\u9b25"
    },
    "758": {
        "ja-Hrkt": "\u30c0\u30a4\u30ef\u30fc\u30e0",
        "ko": "\ub2e4\uc774\uc6dc",
        "zh-Hant": "\u6975\u5de8\u87f2\u8831",
        "fr": "Insectomax",
        "de": "Dyna-Schwarm",
        "es": "Maxinsecto",
        "it": "Dynainsetto",
        "en": "Max Flutterby",
        "ja": "\u30c0\u30a4\u30ef\u30fc\u30e0",
        "zh-Hans": "\u6975\u5de8\u87f2\u8831"
    },
    "759": {
        "ja-Hrkt": "\u30c0\u30a4\u30b5\u30f3\u30c0\u30fc",
        "ko": "\ub2e4\uc774\uc36c\ub354",
        "zh-Hant": "\u6975\u5de8\u9583\u96fb",
        "fr": "Fulguromax",
        "de": "Dyna-Gewitter",
        "es": "Maxitormenta",
        "it": "Dynasaetta",
        "en": "Max Lightning",
        "ja": "\u30c0\u30a4\u30b5\u30f3\u30c0\u30fc",
        "zh-Hans": "\u6975\u5de8\u9583\u96fb"
    },
    "769": {
        "ja-Hrkt": "\u30c0\u30a4\u30b5\u30a4\u30b3",
        "ko": "\ub2e4\uc774\uc0ac\uc774\ucf54",
        "zh-Hant": "\u6975\u5de8\u8d85\u80fd",
        "fr": "Psychomax",
        "de": "Dyna-Kinese",
        "es": "Maxionda",
        "it": "Dynapsiche",
        "en": "Max Mindstorm",
        "ja": "\u30c0\u30a4\u30b5\u30a4\u30b3",
        "zh-Hans": "\u6975\u5de8\u8d85\u80fd"
    },
    "760": {
        "ja-Hrkt": "\u30c0\u30a4\u30a2\u30bf\u30c3\u30af",
        "ko": "\ub2e4\uc774\uc5b4\ud0dd",
        "zh-Hant": "\u6975\u5de8\u653b\u64ca",
        "fr": "Normalomax",
        "de": "Dyna-Angriff",
        "es": "Maxiataque",
        "it": "Dynattacco",
        "en": "Max Strike",
        "ja": "\u30c0\u30a4\u30a2\u30bf\u30c3\u30af",
        "zh-Hans": "\u6975\u5de8\u653b\u64ca"
    },
    "771": {
        "ja-Hrkt": "\u30c0\u30a4\u30a2\u30fc\u30b9",
        "ko": "\ub2e4\uc774\uc5b4\uc2a4",
        "zh-Hant": "\u6975\u5de8\u5927\u5730",
        "fr": "Sismomax",
        "de": "Dyna-Erdsto\u00df",
        "es": "Maxitemblor",
        "it": "Dynasisma",
        "en": "Max Quake",
        "ja": "\u30c0\u30a4\u30a2\u30fc\u30b9",
        "zh-Hans": "\u6975\u5de8\u5927\u5730"
    },
    "770": {
        "ja-Hrkt": "\u30c0\u30a4\u30ed\u30c3\u30af",
        "ko": "\ub2e4\uc774\ub85d",
        "zh-Hant": "\u6975\u5de8\u5ca9\u77f3",
        "fr": "Lithomax",
        "de": "Dyna-Brocken",
        "es": "Maxilito",
        "it": "Dynamacigno",
        "en": "Max Rockfall",
        "ja": "\u30c0\u30a4\u30ed\u30c3\u30af",
        "zh-Hans": "\u6975\u5de8\u5ca9\u77f3"
    },
    "762": {
        "ja-Hrkt": "\u30c0\u30a4\u30db\u30ed\u30a6",
        "ko": "\ub2e4\uc774\ud560\ub85c\uc6b0",
        "zh-Hant": "\u6975\u5de8\u5e7d\u9b42",
        "fr": "Spectromax",
        "de": "Dyna-Spuk",
        "es": "Maxiespectro",
        "it": "Dynavuoto",
        "en": "Max Phantasm",
        "ja": "\u30c0\u30a4\u30db\u30ed\u30a6",
        "zh-Hans": "\u6975\u5de8\u5e7d\u9b42"
    },
    "767": {
        "ja-Hrkt": "\u30c0\u30a4\u30d5\u30a7\u30a2\u30ea\u30fc",
        "ko": "\ub2e4\uc774\ud398\uc5b4\ub9ac",
        "zh-Hant": "\u6975\u5de8\u5996\u7cbe",
        "fr": "Enchantomax",
        "de": "Dyna-Zauber",
        "es": "Maxiestela",
        "it": "Dynafata",
        "en": "Max Starfall",
        "ja": "\u30c0\u30a4\u30d5\u30a7\u30a2\u30ea\u30fc",
        "zh-Hans": "\u6975\u5de8\u5996\u7cbe"
    },
    "774": {
        "ja-Hrkt": "\u30c0\u30a4\u30b9\u30c1\u30eb",
        "ko": "\ub2e4\uc774\uc2a4\ud2f8",
        "zh-Hant": "\u6975\u5de8\u92fc\u9435",
        "fr": "M\u00e9tallomax",
        "de": "Dyna-Stahlzacken",
        "es": "Maximetal",
        "it": "Dynametallo",
        "en": "Max Steelspike",
        "ja": "\u30c0\u30a4\u30b9\u30c1\u30eb",
        "zh-Hans": "\u6975\u5de8\u92fc\u9435"
    },
    "772": {
        "ja-Hrkt": "\u30c0\u30a4\u30a2\u30fc\u30af",
        "ko": "\ub2e4\uc774\uc544\ud06c",
        "zh-Hant": "\u6975\u5de8\u60e1\u9738",
        "fr": "Sinistromax",
        "de": "Dyna-Dunkel",
        "es": "Maxisombra",
        "it": "Dynatenebre",
        "en": "Max Darkness",
        "ja": "\u30c0\u30a4\u30a2\u30fc\u30af",
        "zh-Hans": "\u6975\u5de8\u60e1\u9738"
    },
    "766": {
        "ja-Hrkt": "\u30c0\u30a4\u30b8\u30a7\u30c3\u30c8",
        "ko": "\ub2e4\uc774\uc81c\ud2b8",
        "zh-Hant": "\u6975\u5de8\u98db\u885d",
        "fr": "A\u00e9romax",
        "de": "Dyna-D\u00fcse",
        "es": "Maxicicl\u00f3n",
        "it": "Dynajet",
        "en": "Max Airstream",
        "ja": "\u30c0\u30a4\u30b8\u30a7\u30c3\u30c8",
        "zh-Hans": "\u6975\u5de8\u98db\u885d"
    }
}
