{
    "773130": {
        "name": "max-overgrowth",
        "pp": 15,
        "accuracy": 1,
        "base_power": 130,
        "category": "physical",
        "correction_factor": 1,
        "effect": "",
        "is_spread": false,
        "probability": 0,
        "type": "grass"
    },
    "7430": {
        "name": "max-guard",
        "pp": 20,
        "accuracy": 1,
        "base_power": 0,
        "category": "status",
        "correction_factor": 1,
        "effect": "",
        "is_spread": false,
        "probability": 0,
        "type": "normal"
    },
    "773140": {
        "name": "max-overgrowth",
        "pp": 10,
        "accuracy": 1,
        "base_power": 140,
        "category": "physical",
        "correction_factor": 1,
        "effect": "",
        "is_spread": false,
        "probability": 0,
        "type": "grass"
    },
    "76490": {
        "name": "max-ooze",
        "pp": 10,
        "accuracy": 1,
        "base_power": 90,
        "category": "special",
        "correction_factor": 1,
        "effect": "",
        "is_spread": false,
        "probability": 0,
        "type": "poison"
    },
    "757130": {
        "name": "max-flare",
        "pp": 10,
        "accuracy": 1,
        "base_power": 130,
        "category": "special",
        "correction_factor": 1,
        "effect": "",
        "is_spread": false,
        "probability": 0,
        "type": "fire"
    },
    "768130": {
        "name": "max-wyrmwind",
        "pp": 10,
        "accuracy": 1,
        "base_power": 130,
        "category": "physical",
        "correction_factor": 1,
        "effect": "",
        "is_spread": false,
        "probability": 0,
        "type": "dragon"
    },
    "765130": {
        "name": "max-geyser",
        "pp": 15,
        "accuracy": 1,
        "base_power": 130,
        "category": "special",
        "correction_factor": 1,
        "effect": "",
        "is_spread": false,
        "probability": 0,
        "type": "water"
    },
    "763130": {
        "name": "max-hailstorm",
        "pp": 10,
        "accuracy": 1,
        "base_power": 130,
        "category": "special",
        "correction_factor": 1,
        "effect": "",
        "is_spread": false,
        "probability": 0,
        "type": "ice"
    },
    "76190": {
        "name": "max-knuckle",
        "pp": 5,
        "accuracy": 1,
        "base_power": 90,
        "category": "physical",
        "correction_factor": 1,
        "effect": "",
        "is_spread": false,
        "probability": 0,
        "type": "fighting"
    },
    "765140": {
        "name": "max-geyser",
        "pp": 10,
        "accuracy": 1,
        "base_power": 140,
        "category": "special",
        "correction_factor": 1,
        "effect": "",
        "is_spread": false,
        "probability": 0,
        "type": "water"
    },
    "758130": {
        "name": "max-flutterby",
        "pp": 10,
        "accuracy": 1,
        "base_power": 130,
        "category": "special",
        "correction_factor": 1,
        "effect": "",
        "is_spread": false,
        "probability": 0,
        "type": "bug"
    },
    "76485": {
        "name": "max-ooze",
        "pp": 10,
        "accuracy": 1,
        "base_power": 85,
        "category": "special",
        "correction_factor": 1,
        "effect": "",
        "is_spread": false,
        "probability": 0,
        "type": "poison"
    },
    "759120": {
        "name": "max-lightning",
        "pp": 20,
        "accuracy": 1,
        "base_power": 120,
        "category": "physical",
        "correction_factor": 1,
        "effect": "",
        "is_spread": false,
        "probability": 0,
        "type": "electric"
    },
    "76195": {
        "name": "max-knuckle",
        "pp": 10,
        "accuracy": 1,
        "base_power": 95,
        "category": "physical",
        "correction_factor": 1,
        "effect": "",
        "is_spread": false,
        "probability": 0,
        "type": "fighting"
    },
    "759130": {
        "name": "max-lightning",
        "pp": 15,
        "accuracy": 1,
        "base_power": 130,
        "category": "special",
        "correction_factor": 1,
        "effect": "",
        "is_spread": false,
        "probability": 0,
        "type": "electric"
    },
    "769130": {
        "name": "max-mindstorm",
        "pp": 15,
        "accuracy": 1,
        "base_power": 130,
        "category": "physical",
        "correction_factor": 1,
        "effect": "",
        "is_spread": false,
        "probability": 0,
        "type": "psychic"
    },
    "760110": {
        "name": "max-strike",
        "pp": 20,
        "accuracy": 1,
        "base_power": 110,
        "category": "special",
        "correction_factor": 1,
        "effect": "",
        "is_spread": false,
        "probability": 0,
        "type": "normal"
    },
    "760130": {
        "name": "max-strike",
        "pp": 20,
        "accuracy": 1,
        "base_power": 130,
        "category": "physical",
        "correction_factor": 1,
        "effect": "",
        "is_spread": false,
        "probability": 0,
        "type": "normal"
    },
    "771130": {
        "name": "max-quake",
        "pp": 10,
        "accuracy": 1,
        "base_power": 130,
        "category": "physical",
        "correction_factor": 1,
        "effect": "",
        "is_spread": false,
        "probability": 0,
        "type": "ground"
    },
    "770130": {
        "name": "max-rockfall",
        "pp": 10,
        "accuracy": 1,
        "base_power": 130,
        "category": "physical",
        "correction_factor": 1,
        "effect": "",
        "is_spread": false,
        "probability": 0,
        "type": "rock"
    },
    "763110": {
        "name": "max-hailstorm",
        "pp": 15,
        "accuracy": 1,
        "base_power": 110,
        "category": "special",
        "correction_factor": 1,
        "effect": "",
        "is_spread": false,
        "probability": 0,
        "type": "ice"
    },
    "771120": {
        "name": "max-quake",
        "pp": 10,
        "accuracy": 1,
        "base_power": 120,
        "category": "special",
        "correction_factor": 1,
        "effect": "",
        "is_spread": false,
        "probability": 0,
        "type": "ground"
    },
    "762130": {
        "name": "max-phantasm",
        "pp": 5,
        "accuracy": 1,
        "base_power": 130,
        "category": "special",
        "correction_factor": 1,
        "effect": "",
        "is_spread": false,
        "probability": 0,
        "type": "ghost"
    },
    "773110": {
        "name": "max-overgrowth",
        "pp": 20,
        "accuracy": 1,
        "base_power": 110,
        "category": "special",
        "correction_factor": 1,
        "effect": "",
        "is_spread": false,
        "probability": 0,
        "type": "grass"
    },
    "770140": {
        "name": "max-rockfall",
        "pp": 10,
        "accuracy": 1,
        "base_power": 140,
        "category": "special",
        "correction_factor": 1,
        "effect": "",
        "is_spread": false,
        "probability": 0,
        "type": "rock"
    },
    "767130": {
        "name": "max-starfall",
        "pp": 15,
        "accuracy": 1,
        "base_power": 130,
        "category": "special",
        "correction_factor": 1,
        "effect": "",
        "is_spread": false,
        "probability": 0,
        "type": "fairy"
    },
    "767100": {
        "name": "max-starfall",
        "pp": 10,
        "accuracy": 1,
        "base_power": 100,
        "category": "special",
        "correction_factor": 1,
        "effect": "",
        "is_spread": false,
        "probability": 0,
        "type": "fairy"
    },
    "77190": {
        "name": "max-quake",
        "pp": 15,
        "accuracy": 1,
        "base_power": 90,
        "category": "physical",
        "correction_factor": 1,
        "effect": "",
        "is_spread": false,
        "probability": 0,
        "type": "ground"
    },
    "774130": {
        "name": "max-steelspike",
        "pp": 15,
        "accuracy": 1,
        "base_power": 130,
        "category": "physical",
        "correction_factor": 1,
        "effect": "",
        "is_spread": false,
        "probability": 0,
        "type": "steel"
    },
    "772120": {
        "name": "max-darkness",
        "pp": 5,
        "accuracy": 1,
        "base_power": 120,
        "category": "physical",
        "correction_factor": 1,
        "effect": "",
        "is_spread": false,
        "probability": 0,
        "type": "dark"
    },
    "760120": {
        "name": "max-strike",
        "pp": 20,
        "accuracy": 1,
        "base_power": 120,
        "category": "physical",
        "correction_factor": 1,
        "effect": "",
        "is_spread": false,
        "probability": 0,
        "type": "normal"
    },
    "76090": {
        "name": "max-strike",
        "pp": 30,
        "accuracy": 1,
        "base_power": 90,
        "category": "physical",
        "correction_factor": 1,
        "effect": "",
        "is_spread": false,
        "probability": 0,
        "type": "normal"
    },
    "772110": {
        "name": "max-darkness",
        "pp": 20,
        "accuracy": 1,
        "base_power": 110,
        "category": "physical",
        "correction_factor": 1,
        "effect": "",
        "is_spread": false,
        "probability": 0,
        "type": "dark"
    },
    "76590": {
        "name": "max-geyser",
        "pp": 15,
        "accuracy": 1,
        "base_power": 90,
        "category": "special",
        "correction_factor": 1,
        "effect": "",
        "is_spread": false,
        "probability": 0,
        "type": "water"
    },
    "760140": {
        "name": "max-strike",
        "pp": 15,
        "accuracy": 1,
        "base_power": 140,
        "category": "physical",
        "correction_factor": 1,
        "effect": "",
        "is_spread": false,
        "probability": 0,
        "type": "normal"
    },
    "765120": {
        "name": "max-geyser",
        "pp": 10,
        "accuracy": 1,
        "base_power": 120,
        "category": "special",
        "correction_factor": 1,
        "effect": "",
        "is_spread": false,
        "probability": 0,
        "type": "water"
    },
    "770110": {
        "name": "max-rockfall",
        "pp": 5,
        "accuracy": 1,
        "base_power": 110,
        "category": "special",
        "correction_factor": 1,
        "effect": "",
        "is_spread": false,
        "probability": 0,
        "type": "rock"
    },
    "772100": {
        "name": "max-darkness",
        "pp": 10,
        "accuracy": 1,
        "base_power": 100,
        "category": "physical",
        "correction_factor": 1,
        "effect": "",
        "is_spread": false,
        "probability": 0,
        "type": "dark"
    },
    "765110": {
        "name": "max-geyser",
        "pp": 20,
        "accuracy": 1,
        "base_power": 110,
        "category": "special",
        "correction_factor": 1,
        "effect": "",
        "is_spread": false,
        "probability": 0,
        "type": "water"
    },
    "762120": {
        "name": "max-phantasm",
        "pp": 15,
        "accuracy": 1,
        "base_power": 120,
        "category": "physical",
        "correction_factor": 1,
        "effect": "",
        "is_spread": false,
        "probability": 0,
        "type": "ghost"
    },
    "769120": {
        "name": "max-mindstorm",
        "pp": 20,
        "accuracy": 1,
        "base_power": 120,
        "category": "physical",
        "correction_factor": 1,
        "effect": "",
        "is_spread": false,
        "probability": 0,
        "type": "psychic"
    },
    "760100": {
        "name": "max-strike",
        "pp": 10,
        "accuracy": 1,
        "base_power": 100,
        "category": "special",
        "correction_factor": 1,
        "effect": "",
        "is_spread": false,
        "probability": 0,
        "type": "normal"
    },
    "771100": {
        "name": "max-quake",
        "pp": 10,
        "accuracy": 1,
        "base_power": 100,
        "category": "physical",
        "correction_factor": 1,
        "effect": "",
        "is_spread": false,
        "probability": 0,
        "type": "ground"
    },
    "772130": {
        "name": "max-darkness",
        "pp": 15,
        "accuracy": 1,
        "base_power": 130,
        "category": "physical",
        "correction_factor": 1,
        "effect": "",
        "is_spread": false,
        "probability": 0,
        "type": "dark"
    },
    "757140": {
        "name": "max-flare",
        "pp": 5,
        "accuracy": 1,
        "base_power": 140,
        "category": "special",
        "correction_factor": 1,
        "effect": "",
        "is_spread": false,
        "probability": 0,
        "type": "fire"
    },
    "76185": {
        "name": "max-knuckle",
        "pp": 20,
        "accuracy": 1,
        "base_power": 85,
        "category": "physical",
        "correction_factor": 1,
        "effect": "",
        "is_spread": false,
        "probability": 0,
        "type": "fighting"
    },
    "76170": {
        "name": "max-knuckle",
        "pp": 30,
        "accuracy": 1,
        "base_power": 70,
        "category": "special",
        "correction_factor": 1,
        "effect": "",
        "is_spread": false,
        "probability": 0,
        "type": "fighting"
    },
    "763140": {
        "name": "max-hailstorm",
        "pp": 5,
        "accuracy": 1,
        "base_power": 140,
        "category": "special",
        "correction_factor": 1,
        "effect": "",
        "is_spread": false,
        "probability": 0,
        "type": "ice"
    },
    "759140": {
        "name": "max-lightning",
        "pp": 5,
        "accuracy": 1,
        "base_power": 140,
        "category": "physical",
        "correction_factor": 1,
        "effect": "",
        "is_spread": false,
        "probability": 0,
        "type": "electric"
    },
    "76475": {
        "name": "max-ooze",
        "pp": 15,
        "accuracy": 1,
        "base_power": 75,
        "category": "special",
        "correction_factor": 1,
        "effect": "",
        "is_spread": false,
        "probability": 0,
        "type": "poison"
    },
    "770100": {
        "name": "max-rockfall",
        "pp": 15,
        "accuracy": 1,
        "base_power": 100,
        "category": "physical",
        "correction_factor": 1,
        "effect": "",
        "is_spread": false,
        "probability": 0,
        "type": "rock"
    },
    "774120": {
        "name": "max-steelspike",
        "pp": 5,
        "accuracy": 1,
        "base_power": 120,
        "category": "physical",
        "correction_factor": 1,
        "effect": "",
        "is_spread": false,
        "probability": 0,
        "type": "steel"
    },
    "773120": {
        "name": "max-overgrowth",
        "pp": 20,
        "accuracy": 1,
        "base_power": 120,
        "category": "physical",
        "correction_factor": 1,
        "effect": "",
        "is_spread": false,
        "probability": 0,
        "type": "grass"
    },
    "768140": {
        "name": "max-wyrmwind",
        "pp": 10,
        "accuracy": 1,
        "base_power": 140,
        "category": "physical",
        "correction_factor": 1,
        "effect": "",
        "is_spread": false,
        "probability": 0,
        "type": "dragon"
    },
    "766130": {
        "name": "max-airstream",
        "pp": 10,
        "accuracy": 1,
        "base_power": 130,
        "category": "special",
        "correction_factor": 1,
        "effect": "",
        "is_spread": false,
        "probability": 0,
        "type": "flying"
    },
    "75890": {
        "name": "max-flutterby",
        "pp": 20,
        "accuracy": 1,
        "base_power": 90,
        "category": "physical",
        "correction_factor": 1,
        "effect": "",
        "is_spread": false,
        "probability": 0,
        "type": "bug"
    },
    "766110": {
        "name": "max-airstream",
        "pp": 25,
        "accuracy": 1,
        "base_power": 110,
        "category": "special",
        "correction_factor": 1,
        "effect": "",
        "is_spread": false,
        "probability": 0,
        "type": "flying"
    },
    "759110": {
        "name": "max-lightning",
        "pp": 15,
        "accuracy": 1,
        "base_power": 110,
        "category": "special",
        "correction_factor": 1,
        "effect": "",
        "is_spread": false,
        "probability": 0,
        "type": "electric"
    },
    "757120": {
        "name": "max-flare",
        "pp": 5,
        "accuracy": 1,
        "base_power": 120,
        "category": "special",
        "correction_factor": 1,
        "effect": "",
        "is_spread": false,
        "probability": 0,
        "type": "fire"
    },
    "760150": {
        "name": "max-strike",
        "pp": 5,
        "accuracy": 1,
        "base_power": 150,
        "category": "physical",
        "correction_factor": 1,
        "effect": "",
        "is_spread": false,
        "probability": 0,
        "type": "normal"
    },
    "768110": {
        "name": "max-wyrmwind",
        "pp": 20,
        "accuracy": 1,
        "base_power": 110,
        "category": "special",
        "correction_factor": 1,
        "effect": "",
        "is_spread": false,
        "probability": 0,
        "type": "dragon"
    },
    "76890": {
        "name": "max-wyrmwind",
        "pp": 20,
        "accuracy": 1,
        "base_power": 90,
        "category": "special",
        "correction_factor": 1,
        "effect": "",
        "is_spread": false,
        "probability": 0,
        "type": "dragon"
    },
    "766140": {
        "name": "max-airstream",
        "pp": 15,
        "accuracy": 1,
        "base_power": 140,
        "category": "physical",
        "correction_factor": 1,
        "effect": "",
        "is_spread": false,
        "probability": 0,
        "type": "flying"
    },
    "769140": {
        "name": "max-mindstorm",
        "pp": 10,
        "accuracy": 1,
        "base_power": 140,
        "category": "special",
        "correction_factor": 1,
        "effect": "",
        "is_spread": false,
        "probability": 0,
        "type": "psychic"
    },
    "758120": {
        "name": "max-flutterby",
        "pp": 10,
        "accuracy": 1,
        "base_power": 120,
        "category": "physical",
        "correction_factor": 1,
        "effect": "",
        "is_spread": false,
        "probability": 0,
        "type": "bug"
    },
    "76690": {
        "name": "max-airstream",
        "pp": 10,
        "accuracy": 1,
        "base_power": 90,
        "category": "physical",
        "correction_factor": 1,
        "effect": "",
        "is_spread": false,
        "probability": 0,
        "type": "flying"
    },
    "774140": {
        "name": "max-steelspike",
        "pp": 5,
        "accuracy": 1,
        "base_power": 140,
        "category": "physical",
        "correction_factor": 1,
        "effect": "",
        "is_spread": false,
        "probability": 0,
        "type": "steel"
    },
    "76390": {
        "name": "max-hailstorm",
        "pp": 10,
        "accuracy": 1,
        "base_power": 90,
        "category": "physical",
        "correction_factor": 1,
        "effect": "",
        "is_spread": false,
        "probability": 0,
        "type": "ice"
    },
    "76470": {
        "name": "max-ooze",
        "pp": 20,
        "accuracy": 1,
        "base_power": 70,
        "category": "special",
        "correction_factor": 1,
        "effect": "",
        "is_spread": false,
        "probability": 0,
        "type": "poison"
    },
    "76495": {
        "name": "max-ooze",
        "pp": 5,
        "accuracy": 1,
        "base_power": 95,
        "category": "physical",
        "correction_factor": 1,
        "effect": "",
        "is_spread": false,
        "probability": 0,
        "type": "poison"
    },
    "76290": {
        "name": "max-phantasm",
        "pp": 30,
        "accuracy": 1,
        "base_power": 90,
        "category": "physical",
        "correction_factor": 1,
        "effect": "",
        "is_spread": false,
        "probability": 0,
        "type": "ghost"
    },
    "763120": {
        "name": "max-hailstorm",
        "pp": 10,
        "accuracy": 1,
        "base_power": 120,
        "category": "special",
        "correction_factor": 1,
        "effect": "",
        "is_spread": false,
        "probability": 0,
        "type": "ice"
    },
    "770150": {
        "name": "max-rockfall",
        "pp": 5,
        "accuracy": 1,
        "base_power": 150,
        "category": "physical",
        "correction_factor": 1,
        "effect": "",
        "is_spread": false,
        "probability": 0,
        "type": "rock"
    },
    "7600": {
        "name": "max-strike",
        "pp": 15,
        "accuracy": 1,
        "base_power": 0,
        "category": "physical",
        "correction_factor": 1,
        "effect": "",
        "is_spread": false,
        "probability": 0,
        "type": "normal"
    },
    "76180": {
        "name": "max-knuckle",
        "pp": 10,
        "accuracy": 1,
        "base_power": 80,
        "category": "physical",
        "correction_factor": 1,
        "effect": "",
        "is_spread": false,
        "probability": 0,
        "type": "fighting"
    },
    "761100": {
        "name": "max-knuckle",
        "pp": 20,
        "accuracy": 1,
        "base_power": 100,
        "category": "physical",
        "correction_factor": 1,
        "effect": "",
        "is_spread": false,
        "probability": 0,
        "type": "fighting"
    },
    "758140": {
        "name": "max-flutterby",
        "pp": 10,
        "accuracy": 1,
        "base_power": 140,
        "category": "physical",
        "correction_factor": 1,
        "effect": "",
        "is_spread": false,
        "probability": 0,
        "type": "bug"
    },
    "759100": {
        "name": "max-lightning",
        "pp": 10,
        "accuracy": 1,
        "base_power": 100,
        "category": "special",
        "correction_factor": 1,
        "effect": "",
        "is_spread": false,
        "probability": 0,
        "type": "electric"
    },
    "774100": {
        "name": "max-steelspike",
        "pp": 35,
        "accuracy": 1,
        "base_power": 100,
        "category": "physical",
        "correction_factor": 1,
        "effect": "",
        "is_spread": false,
        "probability": 0,
        "type": "steel"
    },
    "758100": {
        "name": "max-flutterby",
        "pp": 20,
        "accuracy": 1,
        "base_power": 100,
        "category": "special",
        "correction_factor": 1,
        "effect": "",
        "is_spread": false,
        "probability": 0,
        "type": "bug"
    },
    "762110": {
        "name": "max-phantasm",
        "pp": 20,
        "accuracy": 1,
        "base_power": 110,
        "category": "physical",
        "correction_factor": 1,
        "effect": "",
        "is_spread": false,
        "probability": 0,
        "type": "ghost"
    },
    "77490": {
        "name": "max-steelspike",
        "pp": 30,
        "accuracy": 1,
        "base_power": 90,
        "category": "physical",
        "correction_factor": 1,
        "effect": "",
        "is_spread": false,
        "probability": 0,
        "type": "steel"
    },
    "77090": {
        "name": "max-rockfall",
        "pp": 20,
        "accuracy": 1,
        "base_power": 90,
        "category": "physical",
        "correction_factor": 1,
        "effect": "",
        "is_spread": false,
        "probability": 0,
        "type": "rock"
    },
    "7610": {
        "name": "max-knuckle",
        "pp": 20,
        "accuracy": 1,
        "base_power": 0,
        "category": "physical",
        "correction_factor": 1,
        "effect": "",
        "is_spread": false,
        "probability": 0,
        "type": "fighting"
    },
    "75990": {
        "name": "max-lightning",
        "pp": 20,
        "accuracy": 1,
        "base_power": 90,
        "category": "physical",
        "correction_factor": 1,
        "effect": "",
        "is_spread": false,
        "probability": 0,
        "type": "electric"
    },
    "75790": {
        "name": "max-flare",
        "pp": 15,
        "accuracy": 1,
        "base_power": 90,
        "category": "special",
        "correction_factor": 1,
        "effect": "",
        "is_spread": false,
        "probability": 0,
        "type": "fire"
    },
    "757110": {
        "name": "max-flare",
        "pp": 25,
        "accuracy": 1,
        "base_power": 110,
        "category": "physical",
        "correction_factor": 1,
        "effect": "",
        "is_spread": false,
        "probability": 0,
        "type": "fire"
    },
    "771140": {
        "name": "max-quake",
        "pp": 10,
        "accuracy": 1,
        "base_power": 140,
        "category": "physical",
        "correction_factor": 1,
        "effect": "",
        "is_spread": false,
        "probability": 0,
        "type": "ground"
    },
    "771110": {
        "name": "max-quake",
        "pp": 20,
        "accuracy": 1,
        "base_power": 110,
        "category": "physical",
        "correction_factor": 1,
        "effect": "",
        "is_spread": false,
        "probability": 0,
        "type": "ground"
    }
}
