{
    "grass": {
        "ja-Hrkt": "\u304f\u3055",
        "ko": "\ud480",
        "fr": "Plante",
        "de": "Pflanze",
        "es": "Planta",
        "it": "Erba",
        "en": "Grass"
    },
    "poison": {
        "ja-Hrkt": "\u3069\u304f",
        "ko": "\ub3c5",
        "fr": "Poison",
        "de": "Gift",
        "es": "Veneno",
        "it": "Veleno",
        "en": "Poison"
    },
    "fire": {
        "ja-Hrkt": "\u307b\u306e\u304a",
        "ko": "\ubd88\uaf43",
        "fr": "Feu",
        "de": "Feuer",
        "es": "Fuego",
        "it": "Fuoco",
        "en": "Fire"
    },
    "water": {
        "ja-Hrkt": "\u307f\u305a",
        "ko": "\ubb3c",
        "fr": "Eau",
        "de": "Wasser",
        "es": "Agua",
        "it": "Acqua",
        "en": "Water"
    },
    "bug": {
        "ja-Hrkt": "\u3080\u3057",
        "ko": "\ubc8c\ub808",
        "fr": "Insecte",
        "de": "K\u00e4fer",
        "es": "Bicho",
        "it": "Coleottero",
        "en": "Bug"
    },
    "flying": {
        "ja-Hrkt": "\u3072\u3053\u3046",
        "ko": "\ube44\ud589",
        "fr": "Vol",
        "de": "Flug",
        "es": "Volador",
        "it": "Volante",
        "en": "Flying"
    },
    "electric": {
        "ja-Hrkt": "\u3067\u3093\u304d",
        "ko": "\uc804\uae30",
        "fr": "\u00c9lectrik",
        "de": "Elektro",
        "es": "El\u00e9ctrico",
        "it": "Elettro",
        "en": "Electric"
    },
    "psychic": {
        "ja-Hrkt": "\u30a8\u30b9\u30d1\u30fc",
        "ko": "\uc5d0\uc2a4\ud37c",
        "fr": "Psy",
        "de": "Psycho",
        "es": "Ps\u00edquico",
        "it": "Psico",
        "en": "Psychic"
    },
    "ground": {
        "ja-Hrkt": "\u3058\u3081\u3093",
        "ko": "\ub545",
        "fr": "Sol",
        "de": "Boden",
        "es": "Tierra",
        "it": "Terra",
        "en": "Ground"
    },
    "ice": {
        "ja-Hrkt": "\u3053\u304a\u308a",
        "ko": "\uc5bc\uc74c",
        "fr": "Glace",
        "de": "Eis",
        "es": "Hielo",
        "it": "Ghiaccio",
        "en": "Ice"
    },
    "steel": {
        "ja-Hrkt": "\u306f\u304c\u306d",
        "ko": "\uac15\ucca0",
        "fr": "Acier",
        "de": "Stahl",
        "es": "Acero",
        "it": "Acciaio",
        "en": "Steel"
    },
    "fairy": {
        "ja-Hrkt": "\u30d5\u30a7\u30a2\u30ea\u30fc",
        "ko": "\ud398\uc5b4\ub9ac",
        "fr": "F\u00e9e",
        "de": "Fee",
        "es": "Hada",
        "it": "Folletto",
        "en": "Fairy"
    },
    "normal": {
        "ja-Hrkt": "\u30ce\u30fc\u30de\u30eb",
        "ko": "\ub178\ub9d0",
        "fr": "Normal",
        "de": "Normal",
        "es": "Normal",
        "it": "Normale",
        "en": "Normal"
    },
    "dark": {
        "ja-Hrkt": "\u3042\u304f",
        "ko": "\uc545",
        "fr": "T\u00e9n\u00e8bres",
        "de": "Unlicht",
        "es": "Siniestro",
        "it": "Buio",
        "en": "Dark"
    },
    "fighting": {
        "ja-Hrkt": "\u304b\u304f\u3068\u3046",
        "ko": "\uaca9\ud22c",
        "fr": "Combat",
        "de": "Kampf",
        "es": "Lucha",
        "it": "Lotta",
        "en": "Fighting"
    },
    "ghost": {
        "ja-Hrkt": "\u30b4\u30fc\u30b9\u30c8",
        "ko": "\uace0\uc2a4\ud2b8",
        "fr": "Spectre",
        "de": "Geist",
        "es": "Fantasma",
        "it": "Spettro",
        "en": "Ghost"
    },
    "rock": {
        "ja-Hrkt": "\u3044\u308f",
        "ko": "\ubc14\uc704",
        "fr": "Roche",
        "de": "Gestein",
        "es": "Roca",
        "it": "Roccia",
        "en": "Rock"
    },
    "dragon": {
        "ja-Hrkt": "\u30c9\u30e9\u30b4\u30f3",
        "ko": "\ub4dc\ub798\uace4",
        "fr": "Dragon",
        "de": "Drache",
        "es": "Drag\u00f3n",
        "it": "Drago",
        "en": "Dragon"
    }
}
